week,buy_and_hold,monthly_buying,leaky_trend_200,trend(n=50) | article,trend(n=50) | kraken_maker,trend(n=50) | kraken_taker,tsmom(lookback=56) | article,tsmom(lookback=56) | kraken_maker,tsmom(lookback=56) | kraken_taker,vol_target(target_vol=0.4) | article,vol_target(target_vol=0.4) | kraken_maker,vol_target(target_vol=0.4) | kraken_taker,rsi(entry=20) | article,rsi(entry=20) | kraken_maker,rsi(entry=20) | kraken_taker,grid(half_range=0.2) | article,grid(half_range=0.2) | kraken_maker,grid(half_range=0.2) | kraken_taker
2017-08-20 00:00:00+00:00,950.8080012367911,995.9006667697325,1000.0,1000.0,1000.0,1000.0,1000.0,1000.0,1000.0,1000.0,1000.0,1000.0,1000.0,1000.0,1000.0,969.4550910281968,966.485345970939,963.287924971111
2017-08-27 00:00:00+00:00,1002.8637207370455,1000.2386433947537,1000.0,1000.0,1000.0,1000.0,1000.0,1000.0,1000.0,1000.0,1000.0,1000.0,1000.0,1000.0,1000.0,1007.6295824315893,1001.8208065223675,995.5777176730285
2017-09-03 00:00:00+00:00,1049.183817647986,1000.210604615809,1000.0,1000.0,1000.0,1000.0,1000.0,1000.0,1000.0,1000.0,1000.0,1000.0,1000.0,1000.0,1000.0,1047.4456752342421,1036.9005826494615,1025.613336780134
2017-09-10 00:00:00+00:00,961.0646439847403,986.194864951091,1000.0,1000.0,1000.0,1000.0,1000.0,1000.0,1000.0,1000.0,1000.0,1000.0,1000.0,1000.0,1000.0,1046.0536671565358,1025.3250218477353,1003.3667885362953
2017-09-17 00:00:00+00:00,860.922767717444,970.2668618962434,1000.0,1000.0,1000.0,1000.0,1000.0,1000.0,1000.0,1000.0,1000.0,1000.0,1000.0,1000.0,1000.0,1000.6399930443243,972.026384926171,942.0055912905823
2017-09-24 00:00:00+00:00,851.6224498718102,968.7876056991568,1000.0,1000.0,1000.0,1000.0,1000.0,1000.0,1000.0,1000.0,1000.0,1000.0,1000.0,1000.0,1000.0,1020.3160303804979,984.5746919204779,947.3315868549292
2017-10-01 00:00:00+00:00,1018.7954886352326,994.6746561189341,1000.0,1000.0,1000.0,1000.0,1000.0,1000.0,1000.0,1000.0,1000.0,1000.0,1000.0,1000.0,1000.0,1078.742814607022,1038.1128361102492,995.890226743042
2017-10-08 00:00:00+00:00,1079.6466050472945,1009.2887039319252,1000.0,1073.4664741585925,1069.5124413518363,1065.270448525453,1000.0,1000.0,1000.0,1000.0,1000.0,1000.0,1000.0,1000.0,1000.0,1081.3820103603396,1038.3347245667387,993.7028839338582
2017-10-15 00:00:00+00:00,1328.6145082659484,1069.0810143457443,1000.0,1321.0092312027634,1316.143393317795,1310.9231914603133,1048.7934094497273,1044.930258016214,1040.7857651733136,1000.0,1000.0,1000.0,1000.0,1000.0,1000.0,1081.3820103603396,1038.3347245667387,993.7028839338582
2017-10-22 00:00:00+00:00,1384.4652786559272,1082.4941754674642,1000.0,1376.5402996924802,1371.4699173043643,1366.0302745981503,1092.8813819453394,1088.855835789841,1084.5371215179925,1000.0,1000.0,1000.0,1000.0,1000.0,1000.0,1113.8872783310103,1062.1001764229838,1008.795045178446
2017-10-29 00:00:00+00:00,1435.6461121141601,1094.7858011823062,1000.0,1427.4281629803945,1422.1703389853444,1416.5296038778176,1133.282958540493,1129.108596224315,1124.6302279695838,1000.0,1000.0,1000.0,1000.0,1000.0,1000.0,1140.9608387955127,1083.2768657829413,1024.1626801933012
2017-11-05 00:00:00+00:00,1709.0549807194889,1171.0222127630443,1000.0,1699.2719800343973,1693.012839839148,1686.2978657594692,1349.1088566428907,1344.1395159066255,1338.8082734042687,1000.0,1000.0,1000.0,1000.0,1000.0,1000.0,1165.2133166811125,1104.1838856443167,1041.763817439319
2017-11-12 00:00:00+00:00,1352.124743820685,1065.6892968649145,1000.0,1344.384889079699,1339.4329487217149,1334.120373813548,1067.3521260308069,1063.4206149642926,1059.2027840670617,1000.0,1000.0,1000.0,1000.0,1000.0,1000.0,1133.8367653539874,1071.0848666573077,1007.1138424473219
2017-11-19 00:00:00+00:00,1870.30159727805,1218.607355586448,1000.0,1859.5955860531817,1852.7459059452704,1845.397384751636,1476.3951294410156,1470.95693931764,1465.1227025727005,1000.0,1000.0,1000.0,1000.0,1000.0,1000.0,1261.1311024154948,1179.0871790293181,1096.3235982936217
2017-11-26 00:00:00+00:00,2123.9301301301302,1293.4551273874358,1000.0,2111.7722942778255,2103.9937402819787,2095.6486981787302,1676.6066520826303,1670.4309979136856,1663.8055898902292,1000.0,1000.0,1000.0,1000.0,1000.0,1000.0,1276.0256979345324,1188.1058018608119,1099.7937935905072
2017-12-03 00:00:00+00:00,2597.9950432028254,1443.8117098116454,1000.0,2583.123557162734,2573.6088163349577,2563.4011462652115,2050.828183902963,2043.2741129418478,2035.169902280698,1000.0,1000.0,1000.0,1000.0,1000.0,1000.0,1276.0256979345324,1188.1058018608119,1099.7937935905072
2017-12-10 00:00:00+00:00,3466.9639703173666,1731.6217168283697,1000.0,3447.1183180244698,3434.4211176494673,3420.799219314716,2736.782520623109,2726.701788590948,2715.8869079222663,1000.0,1000.0,1000.0,1000.0,1000.0,1000.0,1276.0256979345324,1188.1058018608119,1099.7937935905072
2017-12-17 00:00:00+00:00,4388.395811233637,2036.807893600129,1000.0,4363.275683612183,4347.203886669062,4329.961630301512,3464.1504937994723,3451.3905566894086,3437.701352696588,1000.0,1000.0,1000.0,1000.0,1000.0,1000.0,1315.7682138122902,1219.4886782197077,1123.243572657495
2017-12-24 00:00:00+00:00,3141.213182788464,1623.7302450864352,1000.0,3123.2321985217654,3111.7280082434872,3099.3860032529337,2479.6384980659027,2470.5049366494313,2460.706206112398,1000.0,1000.0,1000.0,1000.0,1000.0,1000.0,1087.3925201040809,1000.5991038872968,914.5011814829066
2017-12-31 00:00:00+00:00,3191.556359397954,1640.4043395921315,1000.0,3173.2871998900746,3161.598635788936,3149.0588295984,2519.3788377282394,2510.0988957674667,2500.1431242423587,1000.0,1000.0,1000.0,1000.0,1000.0,1000.0,1127.2045439935794,1034.0497733249993,941.9475073794029
2018-01-07 00:00:00+00:00,3757.8286769206793,1841.922360595499,1000.0,3736.3180520809237,3722.5556062942637,3707.7908840085165,2966.3878616977245,2955.4613957064016,2943.7391888815864,1000.0,1000.0,1000.0,1000.0,1000.0,1000.0,1328.5642978857527,1213.2039400030546,1099.697289083091
2018-01-14 00:00:00+00:00,3135.3937945142757,1619.6505758689452,1000.0,3060.343949874193,3037.7808070462725,3013.574460084977,2475.044738152079,2465.9280975038314,2456.1475200224077,1000.0,1000.0,1000.0,1000.0,1000.0,1000.0,1158.202959088914,1050.6714522530867,945.6191870553613
2018-01-21 00:00:00+00:00,2682.828740559333,1458.039385540838,1000.0,3060.343949874193,3037.7808070462725,3013.574460084977,2117.794954274064,2109.9942162642924,2101.6253745537747,1000.0,1000.0,1000.0,1000.0,1000.0,1000.0,1110.7038712376611,997.2902252242546,887.6875230519172
2018-01-28 00:00:00+00:00,2764.2559667309492,1487.117085711698,1000.0,3060.343949874193,3037.7808070462725,3013.574460084977,2182.072694451705,2174.0351942332163,2165.412347652222,1000.0,1000.0,1000.0,1000.0,1000.0,1000.0,1166.490855789678,1041.349645596408,921.1446961603815
2018-02-04 00:00:00+00:00,1904.4617089347298,1162.507967675181,1000.0,3060.343949874193,3037.7808070462725,3013.574460084977,2064.7325110211414,2049.509759817134,2033.178382572397,1000.0,1000.0,1000.0,1000.0,1000.0,1000.0,819.2560765981417,730.7525182430746,645.8197577294617
2018-02-11 00:00:00+00:00,1876.3234192906846,1151.4882141890328,1000.0,3060.343949874193,3037.7808070462725,3013.574460084977,2064.7325110211414,2049.509759817134,2033.178382572397,1000.0,1000.0,1000.0,1000.0,1000.0,1000.0,807.1516248951682,719.9557004756331,636.277815607137
2018-02-18 00:00:00+00:00,2416.0420147082395,1362.8573467350905,1000.0,3060.343949874193,3037.7808070462725,3013.574460084977,2064.7325110211414,2049.509759817134,2033.178382572397,1000.0,1000.0,1000.0,1000.0,1000.0,1000.0,986.9010710089306,875.2577629580832,768.7399766945622
2018-02-25 00:00:00+00:00,2231.424772069732,1290.555990508228,1000.0,3060.343949874193,3037.7808070462725,3013.574460084977,2064.7325110211414,2049.509759817134,2033.178382572397,1000.0,1000.0,1000.0,1000.0,1000.0,1000.0,980.9729984482894,863.9668368033416,753.1338710817354
2018-03-04 00:00:00+00:00,2679.338503689569,1474.7872249948925,995.9420231988942,3223.521995962551,3187.96972349379,3150.0229610647925,2064.7325110211414,2049.509759817134,2033.178382572397,1000.0,1000.0,1000.0,1000.0,1000.0,1000.0,1029.758673231981,901.7463560692873,781.2005111495926
2018-03-11 00:00:00+00:00,2218.2945009656764,1278.3728972002798,853.1663230666313,2771.9971252804935,2731.2733347810904,2687.918832829075,2064.7325110211414,2049.509759817134,2033.178382572397,924.485911348408,922.4331345097025,920.2139163056969,1000.0,1000.0,1000.0,1046.9506957366289,908.2837651531255,778.9582879603086
2018-03-18 00:00:00+00:00,1905.6670040670886,1145.1870856710884,812.0505750677935,2771.9971252804935,2731.2733347810904,2687.918832829075,2064.7325110211414,2049.509759817134,2033.178382572397,875.8292016412755,871.5507177027567,866.937014100649,1000.0,1000.0,1000.0,995.6117645934058,856.9679184397452,728.7241109735118
2018-03-25 00:00:00+00:00,1970.855321495979,1172.9586638115923,812.0505750677935,2771.9971252804935,2731.2733347810904,2687.918832829075,2064.7325110211414,2049.509759817134,2033.178382572397,875.8292016412755,871.5507177027567,866.937014100649,1000.0,1000.0,1000.0,1029.386448562026,882.1703856952064,746.6067785922996
2018-04-01 00:00:00+00:00,1585.2679130718254,1006.6869885317006,812.0505750677935,2771.9971252804935,2731.2733347810904,2687.918832829075,2064.7325110211414,2049.509759817134,2033.178382572397,875.8292016412755,871.5507177027567,866.937014100649,1000.0,1000.0,1000.0,891.6553198818149,759.6330613474339,638.8196023312913
2018-04-08 00:00:00+00:00,1632.9654901340334,1029.454203871046,812.0505750677935,2771.9971252804935,2731.2733347810904,2687.918832829075,2161.013388883245,2129.265644373452,2095.4670309722237,875.8292016412755,871.5507177027567,866.937014100649,1000.0,1000.0,1000.0,926.3970209936408,785.6745734849518,657.5156494373649
2018-04-15 00:00:00+00:00,1944.0619364590837,1177.9481153238235,812.0505750677935,2771.9971252804935,2731.2733347810904,2687.918832829075,2161.013388883245,2129.265644373452,2095.4670309722237,875.8292016412755,871.5507177027567,866.937014100649,1000.0,1000.0,1000.0,1079.9012416331298,911.3374446141538,758.6106821006052
2018-04-22 00:00:00+00:00,2044.585411957475,1225.9304187088853,812.0505750677935,2749.411856237549,2699.0413986291182,2645.663281478806,2161.013388883245,2129.265644373452,2095.4670309722237,875.8292016412755,871.5507177027567,866.937014100649,1000.0,1000.0,1000.0,1107.4514757116892,931.0075004827629,771.7712287400527
2018-04-29 00:00:00+00:00,2191.636071754412,1296.1212804590168,812.0505750677935,2947.155039353668,2893.16183799373,2835.9446602202875,2161.013388883245,2129.265644373452,2095.4670309722237,875.8292016412755,871.5507177027567,866.937014100649,1000.0,1000.0,1000.0,1136.279845523138,951.9343952507443,786.1616002562595
2018-05-06 00:00:00+00:00,2247.482188495231,1325.766582270244,812.0505750677935,3022.2528927346293,2966.883865038733,2908.2087092594074,2139.134839139679,2099.944930036335,2058.4149607140353,875.8292016412755,871.5507177027567,866.937014100649,1000.0,1000.0,1000.0,1144.6572012214424,956.4002239039039,787.5749837831661
2018-05-13 00:00:00+00:00,2019.616257391176,1208.2486847475595,812.0505750677935,2715.8351275749465,2666.07981068612,2613.353564790383,1922.2539426534458,1887.0373887888802,1849.7180268639559,875.8292016412755,871.5507177027567,866.937014100649,1043.5292723587945,1039.6855109772837,1035.5618203040963,1126.7746351767819,936.0489632910496,766.0269428950256
2018-05-20 00:00:00+00:00,1984.0786655832292,1189.9207888130761,812.0505750677935,2513.291809571959,2458.1110536035158,2399.816184299558,1872.539517154752,1831.4268434318444,1787.993985375612,875.8292016412755,871.5507177027567,866.937014100649,1055.8378834172468,1048.0534574321703,1039.702115700817,1132.8299734950028,935.63057691179,760.8918320767382
2018-05-27 00:00:00+00:00,1707.6542323224237,1047.3596869260407,812.0505750677935,2468.05172069803,2396.067425479917,2320.6038360538787,1591.450795884856,1539.3428178731672,1484.9483876072368,875.8292016412755,871.5507177027567,866.937014100649,1032.0769395081634,1020.694147453983,1008.5447101363485,1026.9768893308033,846.1981836971995,686.4077262464548
2018-06-03 00:00:00+00:00,1794.9729783302032,1094.2212623830596,812.0505750677935,2468.05172069803,2396.067425479917,2320.6038360538787,1672.8276256900083,1618.055171925055,1560.879351052802,875.8292016412755,871.5507177027567,866.937014100649,1040.3834637960795,1025.0990474334947,1008.827274818497,1072.2369425750535,881.4924309610792,713.2839085749381
2018-06-10 00:00:00+00:00,1574.0945014394179,969.8275312398218,812.0505750677935,2468.05172069803,2396.067425479917,2320.6038360538787,1666.4668308451617,1605.9338301686419,1542.961573973547,875.8292016412755,871.5507177027567,866.937014100649,1028.1847782530667,1009.3479722397607,989.3864057610065,960.1208707012804,787.7711735599133,636.1001760925366
2018-06-17 00:00:00+00:00,1500.7111078403198,928.4996741201882,812.0505750677935,2468.05172069803,2396.067425479917,2320.6038360538787,1666.4668308451617,1605.9338301686419,1542.961573973547,875.8292016412755,871.5507177027567,866.937014100649,980.251386575407,962.2927417834001,943.261772221429,911.9376172156918,745.9784898053503,600.3809223241857
2018-06-24 00:00:00+00:00,1427.965264176099,887.5308706136809,812.0505750677935,2468.05172069803,2396.067425479917,2320.6038360538787,1666.4668308451617,1605.9338301686419,1542.961573973547,875.8292016412755,871.5507177027567,866.937014100649,1016.675521336232,994.3538300673213,970.7724192597472,902.0858163412639,735.0035737492584,589.0212265919679
2018-07-01 00:00:00+00:00,1479.1181757393742,915.1935823892388,812.0505750677935,2468.05172069803,2396.067425479917,2320.6038360538787,1666.4668308451617,1605.9338301686419,1542.961573973547,875.8292016412755,871.5507177027567,866.937014100649,1016.675521336232,994.3538300673213,970.7724192597472,927.7912710961504,754.4590664004174,603.3229660366086
2018-07-08 00:00:00+00:00,1561.7879262366275,966.3448875072263,812.0505750677935,2468.05172069803,2396.067425479917,2320.6038360538787,1666.4668308451617,1605.9338301686419,1542.961573973547,875.8292016412755,871.5507177027567,866.937014100649,1016.675521336232,994.3538300673213,970.7724192597472,953.0213486831238,773.788484466552,617.753180117353
2018-07-15 00:00:00+00:00,1478.233982399034,914.6464942093061,812.0505750677935,2468.05172069803,2396.067425479917,2320.6038360538787,1666.4668308451617,1605.9338301686419,1542.961573973547,875.8292016412755,871.5507177027567,866.937014100649,1016.675521336232,994.3538300673213,970.7724192597472,934.1856680850068,755.5850093951063,600.7184157057642
2018-07-22 00:00:00+00:00,1720.6379134779504,1064.6321584436412,812.0505750677935,2492.1468813519755,2410.547918172483,2325.3684642423414,1664.1310401441315,1597.775840120313,1529.0347373344537,875.8292016412755,871.5507177027567,866.937014100649,1016.675521336232,994.3538300673213,970.7724192597472,986.1013124746105,794.2511148369202,628.6111914761792
2018-07-29 00:00:00+00:00,1910.5556625093416,1182.1423803760126,812.0505750677935,2767.220981634512,2676.615421954412,2582.034169989122,1847.8117662061347,1774.1325207650107,1697.804025300678,875.8292016412755,871.5507177027567,866.937014100649,1016.675521336232,994.3538300673213,970.7724192597472,986.1013124746105,794.2511148369202,628.6111914761792
2018-08-05 00:00:00+00:00,1634.4057945489576,1011.2766638428188,812.0505750677935,2367.2495368392792,2289.740017140173,2208.8294478743014,1708.9614461465637,1634.742798382398,1558.1253345592513,875.8292016412755,871.5507177027567,866.937014100649,1016.675521336232,994.3538300673213,970.7724192597472,989.5670548175336,794.679172722601,626.932473263011
2018-08-12 00:00:00+00:00,1467.8377301762946,908.213888977885,812.0505750677935,2263.1336464651936,2180.9272274613154,2095.4081945282223,1526.2541778217967,1449.2063487359162,1370.2779741516088,875.8292016412755,871.5507177027567,866.937014100649,1016.675521336232,994.3538300673213,970.7724192597472,971.2203491108585,776.5863165619778,609.8081943337023
2018-08-19 00:00:00+00:00,1507.2076020672428,932.5737100422646,812.0505750677935,2263.1336464651936,2180.9272274613154,2095.4081945282223,1501.5039368809591,1420.4540619474335,1337.764541823841,875.8292016412755,871.5507177027567,866.937014100649,1016.675521336232,994.3538300673213,970.7724192597472,984.4270560999403,784.1279652805061,613.1745806261525
2018-08-26 00:00:00+00:00,1558.9724684950165,964.6028435658611,812.0505750677935,2263.1336464651936,2180.9272274613154,2095.4081945282223,1553.0729116040263,1469.2393883236064,1383.70990643343,875.8292016412755,871.5507177027567,866.937014100649,1016.675521336232,994.3538300673213,970.7724192597472,1000.0076044692048,794.9605075528397,620.3126506258743
2018-09-02 00:00:00+00:00,1699.0496350261635,1051.2745686188584,812.0505750677935,2333.2223747390826,2240.187972014138,2143.808374966105,1692.6199897405545,1601.2538367063964,1508.039339384473,875.8292016412755,871.5507177027567,866.937014100649,1016.675521336232,994.3538300673213,970.7724192597472,1012.6270242198414,801.9711554533264,623.2420205113332
2018-09-09 00:00:00+00:00,1454.4538351930353,899.932701580585,812.0505750677935,2138.276890540807,2045.4134618665453,1949.548600389245,1432.561860198729,1350.2150401753213,1266.504925244347,875.8292016412755,871.5507177027567,866.937014100649,985.3156973418462,960.1328769819111,933.6451763573878,994.7645448048819,786.2860278065168,609.7623184088752
2018-09-16 00:00:00+00:00,1513.5993891880717,936.5285817008845,812.0505750677935,2138.276890540807,2045.4134618665453,1949.548600389245,1432.561860198729,1350.2150401753213,1266.504925244347,875.8292016412755,871.5507177027567,866.937014100649,1006.1385656945121,976.7930803726726,946.0292082096539,1014.030305378995,797.8959432209426,615.7439902198779
2018-09-23 00:00:00+00:00,1560.8339281588912,965.7546081551935,812.0505750677935,2120.4430390225175,2020.8828289317057,1918.5279412692612,1432.561860198729,1350.2150401753213,1266.504925244347,875.8292016412755,871.5507177027567,866.937014100649,1006.1385656945121,976.7930803726726,946.0292082096539,1028.6964109859664,807.876082513276,622.1449828306797
2018-09-30 00:00:00+00:00,1541.8865956052264,954.0310843415266,812.0505750677935,2015.0638978969569,1906.2925034996395,1795.32065544601,1432.561860198729,1350.2150401753213,1266.504925244347,875.8292016412755,871.5507177027567,866.937014100649,1006.1385656945121,976.7930803726726,946.0292082096539,1029.6830560083913,806.1721184253307,618.7740319740058
2018-10-07 00:00:00+00:00,1539.2549570054234,952.4027771533581,812.0505750677935,1967.9625333040824,1841.1644354444336,1713.255014984868,1454.5590277503795,1365.8979792508208,1276.133891410206,875.8292016412755,871.5507177027567,866.937014100649,1006.1385656945121,976.7930803726726,946.0292082096539,1030.9887325978536,806.5726737073072,618.5655929067136
2018-10-14 00:00:00+00:00,1475.053213198387,912.6784164672846,812.0505750677935,1952.2141804440746,1812.9649544923159,1673.5717494362586,1373.7418982447175,1285.2301218771618,1195.9425835770858,875.8292016412755,871.5507177027567,866.937014100649,1006.1385656945121,976.7930803726726,946.0292082096539,1014.4568599547367,792.7093546173655,607.1639841775675
2018-10-21 00:00:00+00:00,1533.4029931871175,948.7819172256445,812.0505750677935,1884.2945419858113,1730.5903844185011,1578.515114662638,1326.1247067223353,1231.5337336741889,1136.8449566814934,875.8292016412755,871.5507177027567,866.937014100649,1006.1385656945121,976.7930803726726,946.0292082096539,1043.7272171151183,813.9788711153263,622.1286431901385
2018-10-28 00:00:00+00:00,1510.092864546248,934.35894515573,812.0505750677935,1858.6426932304648,1700.7099161093022,1545.0272958334067,1326.1247067223353,1231.5337336741889,1136.8449566814934,875.8292016412755,871.5507177027567,866.937014100649,1006.1385656945121,976.7930803726726,946.0292082096539,1037.4083403442235,809.0489473681331,618.3590432704268
2018-11-04 00:00:00+00:00,1509.143520117672,933.7715452151704,812.0505750677935,1858.6426932304648,1700.7099161093022,1545.0272958334067,1335.9921950971525,1236.1273700245952,1136.5595309988007,875.8292016412755,871.5507177027567,866.937014100649,1016.2461920643475,979.3319071274294,940.9301133566463,1038.7097844111295,808.2227529297219,616.2086999982778
2018-11-11 00:00:00+00:00,1500.757644331917,928.5828457402279,812.0505750677935,1827.852223969443,1660.2045939853745,1496.211596819838,1333.686417808915,1229.424515411544,1125.8545538519732,875.8292016412755,871.5507177027567,866.937014100649,1016.2461920643475,979.3319071274294,940.9301133566463,1037.0245875851087,806.0047019997066,613.7713445004333
2018-11-18 00:00:00+00:00,1317.448077107281,815.1613880999857,812.0505750677935,1827.852223969443,1660.2045939853745,1496.211596819838,1221.2435616633518,1117.471928773758,1015.178788533682,875.8292016412755,871.5507177027567,866.937014100649,980.9214190114459,941.8083711828841,901.2889538638748,957.7971466022153,742.9497448002326,564.5443643562867
2018-11-25 00:00:00+00:00,950.6893331832188,588.2320904753018,812.0505750677935,1827.852223969443,1660.2045939853745,1496.211596819838,1221.2435616633518,1117.471928773758,1015.178788533682,875.8292016412755,871.5507177027567,866.937014100649,707.8468942720921,679.6223607932895,650.3829710204774,699.548811877661,542.1906772466436,411.63665639845124
2018-12-02 00:00:00+00:00,968.1940344973798,599.0629967322361,812.0505750677935,1827.852223969443,1660.2045939853745,1496.211596819838,1221.2435616633518,1117.471928773758,1015.178788533682,875.8292016412755,871.5507177027567,866.937014100649,710.8327899661588,679.9619657139934,648.0933675707514,712.429352953675,552.1738394945535,419.21597434040007
2018-12-09 00:00:00+00:00,824.9454060639064,510.42895276016355,812.0505750677935,1827.852223969443,1660.2045939853745,1496.211596819838,1221.2435616633518,1117.471928773758,1015.178788533682,875.8292016412755,871.5507177027567,866.937014100649,710.8327899661588,679.9619657139934,648.0933675707514,607.0222506269803,470.47725560111706,357.191099984673
2018-12-16 00:00:00+00:00,751.2548716202691,464.8334720799683,812.0505750677935,1827.852223969443,1660.2045939853745,1496.211596819838,1221.2435616633518,1117.471928773758,1015.178788533682,875.8292016412755,871.5507177027567,866.937014100649,710.8327899661588,679.9619657139934,648.0933675707514,566.3034849883512,437.5814539836176,331.12387744702175
2018-12-23 00:00:00+00:00,914.3745819656043,565.762603043164,812.0505750677935,1827.852223969443,1660.2045939853745,1496.211596819838,1221.2435616633518,1117.471928773758,1015.178788533682,875.8292016412755,871.5507177027567,866.937014100649,710.8327899661588,679.9619657139934,648.0933675707514,625.3242818701156,480.7455708965936,361.7965589988032
2018-12-30 00:00:00+00:00,884.6377638352066,547.3631637285793,812.0505750677935,1827.852223969443,1660.2045939853745,1496.211596819838,1221.2435616633518,1117.471928773758,1015.178788533682,875.8292016412755,871.5507177027567,866.937014100649,710.8327899661588,679.9619657139934,648.0933675707514,635.1862717195702,485.5293994254484,363.13197210910874
2019-01-06 00:00:00+00:00,927.8445694583166,574.0970595527205,812.0505750677935,1827.852223969443,1660.2045939853745,1496.211596819838,1221.2435616633518,1117.471928773758,1015.178788533682,875.8292016412755,871.5507177027567,866.937014100649,710.8327899661588,679.9619657139934,648.0933675707514,644.9230115449872,491.2813901299657,366.0705807991899
2019-01-13 00:00:00+00:00,808.9926967445003,500.5583302295853,812.0505750677935,1641.0741198799549,1479.5679697997339,1322.7927896575857,1221.2435616633518,1117.471928773758,1015.178788533682,875.8292016412755,871.5507177027567,866.937014100649,710.8327899661588,679.9619657139934,648.0933675707514,622.3711530907415,473.1785342611118,351.8404188474437
2019-01-20 00:00:00+00:00,823.5283698947816,509.55217196653444,812.0505750677935,1641.0741198799549,1479.5679697997339,1322.7927896575857,1221.2435616633518,1117.471928773758,1015.178788533682,875.8292016412755,871.5507177027567,866.937014100649,710.8327899661588,679.9619657139934,648.0933675707514,633.2926226635741,480.36443657019566,356.2867070244003
2019-01-27 00:00:00+00:00,826.2181791090804,511.2164717981198,812.0505750677935,1641.0741198799549,1479.5679697997339,1322.7927896575857,1221.2435616633518,1117.471928773758,1015.178788533682,875.8292016412755,871.5507177027567,866.937014100649,710.8327899661588,679.9619657139934,648.0933675707514,634.3821983122582,480.65067447840016,356.0653901463893
2019-02-03 00:00:00+00:00,804.6415347801936,497.866080502021,812.0505750677935,1641.0741198799549,1479.5679697997339,1322.7927896575857,1218.8258096150469,1111.151643498722,1005.4333441629151,875.8292016412755,871.5507177027567,866.937014100649,710.8327899661588,679.9619657139934,648.0933675707514,625.9463277021027,473.7078404910299,350.4814530941541
2019-02-10 00:00:00+00:00,856.285406329816,529.8203493273109,812.0505750677935,1648.6280210629552,1480.9034915831598,1318.7354883564817,1294.268426353341,1162.594962080479,1035.2836925524207,875.8292016412755,871.5507177027567,866.937014100649,710.8327899661588,679.9619657139934,648.0933675707514,649.9872695733319,491.3269182548772,363.0580784182551
2019-02-17 00:00:00+00:00,853.3815292541716,528.0235965679523,812.0505750677935,1612.4184881534393,1432.3754957633864,1260.2733891436226,1276.1717510040687,1142.0945153629366,1012.9416683807175,875.8292016412755,871.5507177027567,866.937014100649,710.8327899661588,679.9619657139934,648.0933675707514,648.8820752135417,490.4911906250338,362.4402859722159
2019-02-24 00:00:00+00:00,871.0607424118209,538.9624807551365,812.0505750677935,1644.4888694297263,1455.4839057614922,1275.5260407871997,1221.6992680156338,1089.3177698149861,962.3011781035952,875.8292016412755,871.5507177027567,866.937014100649,710.8327899661588,679.9619657139934,648.0933675707514,669.658938938144,504.82026738461485,371.9298590071827
2019-03-03 00:00:00+00:00,885.9966293898347,548.2039518787923,812.0505750677935,1672.686558401906,1480.4407681894568,1297.3972052825281,1212.4150903196803,1065.1579102580713,926.022228236594,875.8292016412755,871.5507177027567,866.937014100649,710.8327899661588,679.9619657139934,648.0933675707514,675.097359361132,508.1541173355476,373.77561163465896
2019-03-10 00:00:00+00:00,911.375305082186,563.9068223486024,812.0505750677935,1720.599347562144,1522.8468280900345,1334.5601264775028,1223.8350680207523,1067.2637329642243,920.4594464742307,875.8292016412755,871.5507177027567,866.937014100649,710.8327899661588,679.9619657139934,648.0933675707514,681.9805844221066,512.7572997898661,376.70173241716503
2019-03-17 00:00:00+00:00,926.3414407797379,573.1670096468349,812.0505750677935,1748.854143553585,1547.8542340935655,1356.4755852769963,1243.932256958486,1084.7897881069828,935.5747572613548,875.8292016412755,871.5507177027567,866.937014100649,710.8327899661588,679.9619657139934,648.0933675707514,689.5099641526332,517.4527822085842,379.3857425295376
2019-03-24 00:00:00+00:00,928.9102551158851,574.7564447801136,812.0505750677935,1753.7038473431603,1552.1465500493953,1360.237193876909,1247.381774462724,1087.7979916016352,938.1691762770549,875.8292016412755,871.5507177027567,866.937014100649,710.8327899661588,679.9619657139934,648.0933675707514,690.2746745345818,518.0268964363302,379.8068513428088
2019-03-31 00:00:00+00:00,954.9171734447938,590.8480357988235,812.0505750677935,1802.8027053649794,1595.602361134823,1398.320073696863,1282.305014630176,1118.2533271629864,964.435318793797,875.8292016412755,871.5507177027567,866.937014100649,710.8327899661588,679.9619657139934,648.0933675707514,699.6328010818385,524.2419294675888,383.72375828568255
2019-04-07 00:00:00+00:00,1203.0311320426456,744.3667379109354,1004.4864054915926,2271.220834432045,2010.1840957381403,1761.6423999884698,1615.4834118329802,1408.8065473095369,1215.0223554624217,910.8579278321484,904.3822629879,897.4160162437174,710.8327899661588,679.9619657139934,648.0933675707514,727.5071282164229,544.2727872394992,397.70795959228604
2019-04-14 00:00:00+00:00,1193.963496654996,738.7562046551499,996.9152660304023,2254.101907196559,1995.0326869701425,1748.3643305012763,1603.3069899905752,1398.1879159520536,1205.8643383390665,906.4430026888505,899.9889050477506,893.0459152993367,710.8327899661588,679.9619657139934,648.0933675707514,736.692901429903,550.1380714537606,401.1983912700645
2019-04-21 00:00:00+00:00,1223.01157470976,756.7294910716815,1021.16933455324,2308.9422170779576,2043.5700713837123,1790.9004915169598,1642.3140339424826,1432.2045938752804,1235.2019533680555,920.5861706357151,914.0629826779335,907.0454893793075,710.8327899661588,679.9619657139934,648.0933675707514,746.4117810266863,555.8934922666596,404.2105168772098
2019-04-28 00:00:00+00:00,1234.9667994009944,764.1266991466687,1031.1515040558302,2331.512668229081,2063.546447634667,1808.4069634248892,1658.3680384141983,1446.204729342241,1247.2763418668494,926.4070290874126,919.8554058487025,912.8072493619168,710.8327899661588,679.9619657139934,648.0933675707514,755.3223759223922,558.7048031359518,403.2669414420625
2019-05-05 00:00:00+00:00,1343.88545798346,831.5193246799789,1122.0945469550625,2537.1418660461463,2245.5421993487985,1967.900530962871,1804.6288304190682,1573.7536474443116,1357.280648139435,995.7800075285254,987.5439012836728,978.7181142478704,710.8327899661588,679.9619657139934,648.0933675707514,774.8564349686953,570.7710844239248,410.1225217074309
2019-05-12 00:00:00+00:00,1621.1708163388068,1003.0876176126658,1353.6175437347817,3060.6331259192916,2708.8673806353045,2373.9396027409916,2176.9798734104875,1898.467961080408,1637.3298507499399,1204.6337713300227,1193.8170149273599,1182.2335877515702,710.8327899661588,679.9619657139934,648.0933675707514,802.668752947863,587.4420924397747,419.1497319098864
2019-05-19 00:00:00+00:00,1896.0083552361589,1173.1413401103805,1583.0967019943123,3579.503110079906,3168.102420268247,2776.394243135861,2546.0438761714186,2220.3157619661647,1914.9068352404108,1358.3291128250607,1345.3266548570339,1331.404860685786,710.8327899661588,679.9619657139934,648.0933675707514,858.4422569121144,624.6502732898438,442.9269577288234
2019-05-26 00:00:00+00:00,2004.4267465339574,1240.224428910308,1673.6220402530123,3784.187845655343,3349.26225900185,2935.155251028027,2691.63288714059,2347.278843336941,2024.405887809758,1396.9890887502222,1382.862022068028,1367.7397115364508,710.8327899661588,679.9619657139934,648.0933675707514,862.0342915043977,624.2242322526773,440.30433893900647
2019-06-02 00:00:00+00:00,2030.382474722109,1256.284346402811,1695.2941112536723,3833.190061029181,3392.6325348055484,2973.163171256316,2726.487386922993,2377.67423281416,2050.6203299475633,1406.2869690308733,1392.0708991362717,1376.8532924386939,710.8327899661588,679.9619657139934,648.0933675707514,862.0342915043977,624.2242322526773,440.30433893900647
2019-06-09 00:00:00+00:00,1774.9320382240116,1098.2262521029932,1482.0024649239947,3350.9212833674305,2965.7920391435973,2599.0977725774574,2383.4572427175967,2078.5296488826098,1792.6236889705124,1314.7793234359592,1301.4392031311509,1287.1594798566473,710.8327899661588,679.9619657139934,648.0933675707514,864.4731466651873,623.4063028640481,437.7639714626208
2019-06-16 00:00:00+00:00,2083.2828315448464,1289.0160563259,1739.4639484746517,3933.061452021939,3481.025472537246,3050.627094733692,2797.524325744414,2439.6230611211577,2104.0479715435313,1425.2369742465257,1410.8395069486003,1395.4276771820817,710.8327899661588,679.9619657139934,648.0933675707514,915.9102506109117,656.7057575175638,458.2822420387857
2019-06-23 00:00:00+00:00,2537.6511745491684,1570.1531543475116,2118.844673941533,4790.870381193692,4240.244409094078,3715.9752448599884,3407.67023255832,2971.7099535258526,2562.9452350144315,1622.0842277174795,1605.0824308272347,1586.893584338886,710.8327899661588,679.9619657139934,648.0933675707514,921.8701846567053,660.4763124147859,460.53396949501837
2019-06-30 00:00:00+00:00,2525.5586672077225,1562.671003634061,2108.747878514331,4768.040752032075,4220.0386427693975,3698.2677449562307,3391.431878872157,2957.549053560536,2550.7321954994,1696.12145845229,1676.5824585088471,1655.6927668454825,710.8327899661588,679.9619657139934,648.0933675707514,921.8701846567053,660.4763124147859,460.53396949501837
2019-07-07 00:00:00+00:00,2654.031959559191,1642.162916178308,2216.0183158276877,5010.587441377759,4434.708872103814,3886.395876510217,3563.9514979654455,3107.997375801247,2680.4860465255592,1730.177262811812,1710.26048218725,1688.966810586908,710.8327899661588,679.9619657139934,648.0933675707514,921.8701846567053,660.4763124147859,460.53396949501837
2019-07-14 00:00:00+00:00,2367.3532103750167,1464.7825311867034,1976.652185867362,4469.362255600161,3955.6879666201307,3466.6017196615817,3178.9865943176783,2772.2829557268246,2390.9498243802873,1654.1842278583724,1635.110437174729,1614.7182172372857,710.8327899661588,679.9619657139934,648.0933675707514,826.1582044260813,588.6960952539796,408.0817115160143
2019-07-21 00:00:00+00:00,2463.9792547021693,1524.56919131321,2057.3313514831793,4120.657301083943,3620.1716349100748,3147.2886523896864,3308.740320222105,2885.4366391710614,2488.5389896565453,1679.797937925346,1660.4400146241633,1639.7439573475863,710.8327899661588,679.9619657139934,648.0933675707514,871.5790074723744,618.67302145669,427.08243798697316
2019-07-28 00:00:00+00:00,2220.14898015581,1373.7009874622995,1853.7421096875491,3835.5965822967573,3357.2557456048594,2906.9883720142216,2981.3142434226547,2599.899816337605,2242.2783346979786,1615.1632113226972,1596.5222803668448,1576.5929391690859,710.8327899661588,679.9619657139934,648.0933675707514,802.0730608666624,567.5832329036143,390.52047123961717
2019-08-04 00:00:00+00:00,2543.040100276085,1573.487512833629,2123.3442271855956,3872.344464916451,3376.9360896267517,2912.4316959629,3414.906720366123,2978.0206412918083,2568.3878749060614,1700.7554508845194,1681.1650461115535,1660.2203846712025,710.8327899661588,679.9619657139934,648.0933675707514,907.7909117214294,641.6718991779054,440.9575566073287
2019-08-11 00:00:00+00:00,2687.475409245278,1662.8558067314002,2243.942356750367,4092.27936455277,3568.733618663555,3077.8470867042433,3608.8608413426305,3147.1612424938585,2714.262844091373,1739.0424795332858,1719.0273571524701,1697.628523751965,710.8327899661588,679.9619657139934,648.0933675707514,954.4418396255701,672.2629220207214,460.2126301915347
2019-08-18 00:00:00+00:00,2398.206904303739,1483.873029254887,2002.4138767206798,3856.547627463418,3350.706564776351,2878.1986032454597,3189.5154841060044,2771.1651724314593,2380.3826370534675,1662.4129628540481,1642.1863147024117,1620.57867206085,721.8941369532316,687.9993656173681,653.1531603988187,891.3987688977812,625.4242918528466,426.35472410311513
2019-08-25 00:00:00+00:00,2360.02603977309,1460.2488978219428,1970.5342699927692,3795.9779962871653,3273.7655803064317,2789.6995512676694,3189.5154841060044,2771.1651724314593,2380.3826370534675,1647.6622073679193,1627.6056153849995,1606.1797837996621,750.5569176128214,712.6675660567208,673.8534298525315,887.4676427542213,620.99308830773,422.10472964545323
2019-09-01 00:00:00+00:00,2262.8322502484552,1400.11094949569,1889.3810581802538,3795.9779962871653,3273.7655803064317,2789.6995512676694,3189.5154841060044,2771.1651724314593,2380.3826370534675,1610.1124598262595,1590.4887654131771,1569.5257548181203,750.5569176128214,712.6675660567208,673.8534298525315,862.5329553557306,601.0450967917953,406.7197981500881
2019-09-08 00:00:00+00:00,2415.5184791777738,1494.584439935678,2016.8684000953924,3648.8712972714648,3112.189172191122,2620.4469555666346,3189.5154841060044,2771.1651724314593,2380.3826370534675,1670.4019444950586,1649.420647352386,1627.0212696044298,750.5569176128214,712.6675660567208,673.8534298525315,918.5755103054279,638.1622355257376,430.42307264520554
2019-09-15 00:00:00+00:00,2397.0970089791554,1483.186289618497,2001.487155262382,3645.9732727063347,3098.2022274605333,2598.1881730791697,3254.2273425433805,2785.851588062717,2355.0130785209835,1660.795057929861,1639.1080095157038,1615.970969731343,750.5569176128214,712.6675660567208,673.8534298525315,920.0107435896703,637.4329980166382,428.67490634983375
2019-09-22 00:00:00+00:00,2333.5421224053166,1443.8621671272172,1948.4211806041965,3645.9732727063347,3098.2022274605333,2598.1881730791697,3201.001117148137,2730.1924911436395,2298.807754186508,1623.1159661612062,1601.2686818501863,1577.976011400051,750.5569176128214,712.6675660567208,673.8534298525315,908.4741512793229,627.3034245653172,420.31456975093073
2019-09-29 00:00:00+00:00,1871.6558091835202,1158.0733798704393,1623.87916343289,3645.9732727063347,3098.2022274605333,2598.1881730791697,2710.066688409335,2302.9062537158816,1931.2437835986573,1348.295788167552,1325.688320027805,1301.6502211559496,721.413659047549,682.4723779726555,642.7433117930733,775.8517704141176,534.4225193356328,357.14498685916993
2019-10-06 00:00:00+00:00,1827.5461956234312,1130.7808782204722,1623.87916343289,3645.9732727063347,3098.2022274605333,2598.1881730791697,2710.066688409335,2302.9062537158816,1931.2437835986573,1348.295788167552,1325.688320027805,1301.6502211559496,742.3608443891006,699.6883032976791,656.3092958491312,757.5671469246059,521.8276978465325,348.72809349769585
2019-10-13 00:00:00+00:00,1925.449666644918,1191.357936796408,1623.87916343289,3645.9732727063347,3098.2022274605333,2598.1881730791697,2710.066688409335,2302.9062537158816,1931.2437835986573,1348.295788167552,1325.688320027805,1301.6502211559496,742.3608443891006,699.6883032976791,656.3092958491312,797.269811816227,545.887237971943,362.4402835358051
2019-10-20 00:00:00+00:00,1913.429290865447,1183.9204169607942,1623.87916343289,3645.9732727063347,3098.2022274605333,2598.1881730791697,2710.066688409335,2302.9062537158816,1931.2437835986573,1348.295788167552,1325.688320027805,1301.6502211559496,742.3608443891006,699.6883032976791,656.3092958491312,797.2223337565348,544.386282697174,360.39228709298317
2019-10-27 00:00:00+00:00,2217.447536818614,1372.0294891020303,1772.7859060422124,3761.440476087416,3184.5482278331433,2660.0065656730762,2710.066688409335,2302.9062537158816,1931.2437835986573,1370.292419794519,1344.791355198806,1317.7268818725963,824.7127428159982,771.5755487383673,717.9726334419556,869.3313754344563,591.0491647252593,389.4450560645318
2019-11-03 00:00:00+00:00,2139.447723253106,1323.7676733975309,1710.4272852104257,3629.1299474272864,3072.5301692603916,2566.4395194361223,2710.066688409335,2302.9062537158816,1931.2437835986573,1345.087115828674,1320.00867964385,1293.3935792179661,824.7127428159982,771.5755487383673,717.9726334419556,869.9288911799011,589.2351678749636,386.67344378136204
2019-11-10 00:00:00+00:00,2103.3260984756184,1301.4176815415362,1699.446535168425,3567.857092379262,3020.654733985545,2523.1087269481304,2710.066688409335,2302.9062537158816,1931.2437835986573,1312.9064803135043,1285.9676668415834,1257.4223065594122,824.7127428159982,771.5755487383673,717.9726334419556,864.8020424190233,582.9069955299407,380.5047920600111
2019-11-17 00:00:00+00:00,1978.3593307659742,1224.095405542444,1699.446535168425,3341.0530791452657,2818.1613282380226,2344.5105075169804,2710.066688409335,2302.9062537158816,1931.2437835986573,1312.9064803135043,1285.9676668415834,1257.4223065594122,824.7127428159982,771.5755487383673,717.9726334419556,832.5463946653514,560.7199768738318,365.7087137707075
2019-11-24 00:00:00+00:00,1606.272158554071,993.8691817807963,1699.446535168425,3341.0530791452657,2818.1613282380226,2344.5105075169804,2710.066688409335,2302.9062537158816,1931.2437835986573,1312.9064803135043,1285.9676668415834,1257.4223065594122,704.5301143104214,656.7085464093707,608.6619333942459,691.8171354095557,465.3704460716612,303.12362042542424
2019-12-01 00:00:00+00:00,1719.7304518918102,1064.0706732063409,1699.446535168425,3341.0530791452657,2818.1613282380226,2344.5105075169804,2710.066688409335,2302.9062537158816,1931.2437835986573,1312.9064803135043,1285.9676668415834,1257.4223065594122,744.8526087870155,691.7231159983966,638.5386890675526,745.4690756853064,500.3312529907479,325.1074892468756
2019-12-08 00:00:00+00:00,1747.470854532702,1081.2348449988667,1699.446535168425,3341.0530791452657,2818.1613282380226,2344.5105075169804,2710.066688409335,2302.9062537158816,1931.2437835986573,1312.9064803135043,1285.9676668415834,1257.4223065594122,744.8526087870155,691.7231159983966,638.5386890675526,756.0420719705119,506.489768610835,328.45049964623445
2019-12-15 00:00:00+00:00,1656.3710185826774,1024.8674859969403,1699.446535168425,3341.0530791452657,2818.1613282380226,2344.5105075169804,2710.066688409335,2302.9062537158816,1931.2437835986573,1312.9064803135043,1285.9676668415834,1257.4223065594122,744.8526087870155,691.7231159983966,638.5386890675526,734.9238424942232,492.12802897152346,318.989466968736
2019-12-22 00:00:00+00:00,1745.453497621978,1079.9866201251773,1699.446535168425,3341.0530791452657,2818.1613282380226,2344.5105075169804,2710.066688409335,2302.9062537158816,1931.2437835986573,1312.9064803135043,1285.9676668415834,1257.4223065594122,781.4532691587448,720.3625934277961,659.6773499053056,763.1383146778037,510.0107400876459,329.87303876434044
2019-12-29 00:00:00+00:00,1719.1138433781518,1063.6891511861247,1699.446535168425,3341.0530791452657,2818.1613282380226,2344.5105075169804,2710.066688409335,2302.9062537158816,1931.2437835986573,1312.9064803135043,1285.9676668415834,1257.4223065594122,781.4532691587448,720.3625934277961,659.6773499053056,758.611528096477,505.8368132655241,326.3714659842604
2020-01-05 00:00:00+00:00,1712.252037692194,1059.443458968698,1699.446535168425,3341.0530791452657,2818.1613282380226,2344.5105075169804,2710.066688409335,2302.9062537158816,1931.2437835986573,1312.9064803135043,1285.9676668415834,1257.4223065594122,781.4532691587448,720.3625934277961,659.6773499053056,759.9732310065875,504.8235147355185,324.3817578141865
2020-01-12 00:00:00+00:00,1904.5012649525877,1178.3962660492093,1699.446535168425,3713.771393731756,3121.008834479197,2586.1598733434944,2710.066688409335,2302.9062537158816,1931.2437835986573,1312.9064803135043,1285.9676668415834,1257.4223065594122,781.4532691587448,720.3625934277961,659.6773499053056,807.4282303046336,534.8643004860511,342.657116310094
2020-01-19 00:00:00+00:00,2024.7329446422518,1252.7887408741876,1699.446535168425,3948.2227857411517,3318.038965884784,2749.424845249846,2673.204649676554,2263.2151655415246,1890.430531795598,1312.9064803135043,1285.9676668415834,1257.4223065594122,781.4532691587448,720.3625934277961,659.6773499053056,828.1405552456788,546.9068498850821,349.2120627591008
2020-01-26 00:00:00+00:00,2004.5593755350096,1240.306492137298,1699.446535168425,3908.8843903099414,3284.9794512678445,2722.030757418369,2646.569987124758,2240.665462052271,1871.5950942251595,1312.9064803135043,1285.9676668415834,1257.4223065594122,781.4532691587448,720.3625934277961,659.6773499053056,829.7644321262885,547.1341221531692,348.7742491412489
2020-02-02 00:00:00+00:00,2171.2786835053626,1343.462847875115,1765.3234305353062,4233.986509230543,3558.191363818967,2948.4221976967006,2866.685351196119,2427.0217255711423,2027.2557559736533,1307.9825242961313,1277.8854332617632,1246.0741159420224,781.4532691587448,720.3625934277961,659.6773499053056,839.9071842363716,553.3916455701561,352.46627518495166
2020-02-09 00:00:00+00:00,2362.1341428424294,1461.5532712193633,1920.4954113468013,4606.15404635275,3870.956488033471,3207.5885945005125,3118.667076818778,2640.3570057329243,2205.4515957980575,1390.2831660553477,1357.9198841467878,1323.7428117108964,781.4532691587448,720.3625934277961,659.6773499053056,860.6603796628733,564.9583627073852,358.38355190506473
2020-02-16 00:00:00+00:00,2307.574760094264,1427.7950511060315,1876.1367772144995,4499.763423968552,3781.5470879483532,3133.501331354899,3046.6336780281786,2579.3713716595616,2154.5111874760705,1357.026845415545,1324.5896383883953,1290.3607931222823,781.4532691587448,720.3625934277961,659.6773499053056,861.8434852967247,563.7773791170099,356.2961410448234
2020-02-23 00:00:00+00:00,2312.0259755155057,1430.5492081802722,1879.7557667699023,4508.443279846282,3788.841534483786,3139.5457246676574,3052.510507262501,2584.346871402923,2158.6671496528006,1362.689096373617,1329.6151492741124,1294.7216101796496,781.4532691587448,720.3625934277961,659.6773499053056,865.501886085407,565.0755448666368,356.3688097020519
2020-03-01 00:00:00+00:00,1985.2188096273533,1228.3396580541341,1654.9834800395258,3983.2830512664596,3335.1075132065603,2752.4641039678486,2621.0351180208913,2219.046876654037,1853.537405980007,1214.663111440653,1181.3749729793744,1146.3601194173518,762.2631457095313,700.0844299911181,638.564656449471,794.7258193258782,516.4593473367413,324.0765629882598
2020-03-08 00:00:00+00:00,1869.210316550105,1156.5602491412042,1694.7897386487532,3983.2830512664596,3335.1075132065603,2752.4641039678486,2467.8719841287507,2089.37437759247,1745.2238637713199,1123.5911799567464,1089.4989148931504,1053.7453800599194,781.8742122979577,715.4367167226162,649.9457934052728,773.2245329941833,500.73497096553285,313.0240770122
2020-03-15 00:00:00+00:00,1247.480461991393,771.8694365984554,1694.7897386487532,3983.2830512664596,3335.1075132065603,2752.4641039678486,2466.342777250693,2080.347624649292,1730.701793544132,1123.0789323521706,1086.0252850544196,1047.2533736837954,521.2988820162426,475.2460154165445,430.02968440545385,524.551863250907,338.52246327453184,210.83176636880236
2020-03-22 00:00:00+00:00,1353.3253853038852,837.3602108536306,1694.7897386487532,3983.2830512664596,3335.1075132065603,2752.4641039678486,2466.342777250693,2080.347624649292,1730.701793544132,1123.0789323521706,1086.0252850544196,1047.2533736837954,526.0204176353315,477.7746813644386,430.5806775346594,569.0584935596391,367.2450647553204,228.7202005551945
2020-03-29 00:00:00+00:00,1368.503262038203,846.7514113738996,1694.7897386487532,3983.2830512664596,3335.1075132065603,2752.4641039678486,2466.342777250693,2080.347624649292,1730.701793544132,1123.0789323521706,1086.0252850544196,1047.2533736837954,526.0204176353315,477.7746813644386,430.5806775346594,575.440624393552,371.3638083957432,231.28535380538338
2020-04-05 00:00:00+00:00,1575.9070977871163,975.0810219173126,1694.7897386487532,3983.2830512664596,3335.1075132065603,2752.4641039678486,2466.342777250693,2080.347624649292,1730.701793544132,1123.0789323521706,1086.0252850544196,1047.2533736837954,526.0204176353315,477.7746813644386,430.5806775346594,662.6516644076022,427.64593826431735,266.3378603374736
2020-04-12 00:00:00+00:00,1606.3908266076435,993.9426067733671,1694.7897386487532,3983.2830512664596,3335.1075132065603,2752.4641039678486,2466.342777250693,2080.347624649292,1730.701793544132,1123.0789323521706,1086.0252850544196,1047.2533736837954,526.0204176353315,477.7746813644386,430.5806775346594,677.523857730972,434.9189957293762,269.3070233696008
2020-04-19 00:00:00+00:00,1656.8712858673439,1025.1770227303248,1694.7897386487532,3990.6068516727737,3328.9323519683758,2736.4708958640354,2466.342777250693,2080.347624649292,1730.701793544132,1123.0789323521706,1086.0252850544196,1047.2533736837954,526.0204176353315,477.7746813644386,430.5806775346594,691.0537156402072,442.2340465841724,272.92160855537213
2020-04-26 00:00:00+00:00,1790.049417519255,1107.5800202741095,1694.7897386487532,4296.687004930286,3557.836112292578,2901.3311131057053,2466.342777250693,2080.347624649292,1730.701793544132,1123.0789323521706,1086.0252850544196,1047.2533736837954,526.0204176353315,477.7746813644386,430.5806775346594,715.4747482481961,456.0968072223273,280.30273091603306
2020-05-03 00:00:00+00:00,2069.515010505915,1280.497317482052,1931.4505097154347,4967.493168133879,4113.291603710879,3354.2919152149634,2394.8695426142976,1997.7810381923719,1642.2291261310697,1130.6856385117449,1091.180156219262,1049.92983916217,526.0204176353315,477.7746813644386,430.5806775346594,720.5224121502727,458.96055489771294,281.8273168159658
2020-05-10 00:00:00+00:00,2029.6355640319814,1255.8222008613427,1894.2315589814557,4871.769833486598,4034.028688723965,3289.6548846973324,2348.720531250812,1959.2839016290775,1610.5834563963672,1118.6761712696336,1079.566916304193,1038.731200559712,526.0204176353315,477.7746813644386,430.5806775346594,730.705065329133,462.24371923399815,281.72648089459847
2020-05-17 00:00:00+00:00,2252.3755005866424,1393.6409119151172,2102.111744343008,5406.416408886584,4476.738360405641,3650.6741402175653,2606.4780673259893,2174.303178821125,1787.3350187217009,1185.7530293526947,1144.4307133372652,1101.2793117387457,526.0204176353315,477.7746813644386,430.5806775346594,771.3507891152799,485.8891473652088,294.7795320240219
2020-05-24 00:00:00+00:00,2029.0701456590784,1255.472352367332,1893.7038616228967,4870.412649851654,4032.9048840479727,3288.7384485916214,2348.066221795108,1958.7380819088569,1610.1347780752558,1118.5058987601622,1079.402261581084,1038.5724241328255,526.0204176353315,477.7746813644386,430.5806775346594,739.4141802384111,464.695808564899,281.21815341494295
2020-05-31 00:00:00+00:00,2198.4466872996127,1360.2728520564208,2051.780708625554,5276.970132725776,4369.551442811166,3563.2657467111094,2544.0709469355625,2122.243657604749,1744.5407082344377,1169.5126756406692,1128.7261762282412,1086.1354382986876,526.0204176353315,477.7746813644386,430.5806775346594,773.4701885153431,483.66505270711156,291.1120830160339
2020-06-07 00:00:00+00:00,2267.953591148692,1403.2797418220916,2116.6505666292533,5443.808772820507,4507.700797877921,3675.9232748996073,2624.5052352516873,2189.341298273325,1799.6967527128231,1190.4442822371066,1148.967188115921,1105.653830989779,526.0204176353315,477.7746813644386,430.5806775346594,789.9685426273653,491.90395270356345,294.7234461156144
2020-06-14 00:00:00+00:00,2173.742790735416,1344.9874962502438,2028.7248944040316,5217.672936626228,4320.4508903625965,3523.2254087097276,2515.4832782474155,2098.3960527916033,1724.937343068831,1162.0732384675844,1121.532187770438,1079.1982805857347,526.0204176353315,477.7746813644386,430.5806775346594,771.9491590865349,480.49006840590704,287.7600148490712
2020-06-21 00:00:00+00:00,2162.7113154023773,1338.161851352713,2018.429366926945,5195.713267539609,4286.336233958333,3481.3608895545594,2502.7175122824074,2087.746952818058,1716.1834997750439,1158.0153812897909,1117.174240129344,1074.5553622679881,526.0204176353315,477.7746813644386,430.5806775346594,770.701831906973,479.33660570750357,286.8250784794372
2020-06-28 00:00:00+00:00,2121.214725845452,1312.4861392450205,1979.7011583156032,4979.946705471622,4078.0443935967046,3285.793396414277,2454.6971220229757,2047.6887269314964,1683.2545731137047,1144.4145086451638,1103.6192648972296,1061.0689265543272,526.0204176353315,477.7746813644386,430.5806775346594,764.2811063130941,474.4082046613829,283.272528401598
2020-07-05 00:00:00+00:00,2110.292611267667,1305.7281605171124,1969.507695759719,4979.946705471622,4078.0443935967046,3285.793396414277,2444.713051196689,2031.8084211280243,1663.4895378858828,1135.7454363771376,1094.4645421649861,1051.4437659925757,526.0204176353315,477.7746813644386,430.5806775346594,762.7598442282857,472.75785143336725,281.83105448689304
2020-07-12 00:00:00+00:00,2164.586736013731,1339.3222541764646,2020.179671745871,4864.684543198723,3954.286498346605,3160.6901853400555,2484.6746973791137,2049.795790601589,1664.8434717833493,1163.9828462609205,1121.6954671277538,1077.6249002591544,526.0204176353315,477.7746813644386,430.5806775346594,774.447402611944,479.26926950892283,285.2406787908515
2020-07-19 00:00:00+00:00,2142.7704287531205,1325.823573189489,1999.8188057629204,4864.684543198723,3954.286498346605,3160.6901853400555,2486.2946037346233,2036.0096943305473,1640.4694414732685,1152.6365723657314,1110.7536160756017,1067.1048730506416,526.0204176353315,477.7746813644386,430.5806775346594,770.5244933455264,476.84062568172146,283.79465062879154
2020-07-26 00:00:00+00:00,2310.8951387696993,1429.8495111922516,2156.7273351569156,5141.127686579156,4163.601867187565,3314.797702311203,2679.229308756436,2185.921165290422,1754.2716175833355,1240.0752477386957,1195.0756561538049,1148.1761791461101,526.0204176353315,477.7746813644386,430.5806775346594,793.5002604756999,490.3131275168787,291.3325049620763
2020-08-02 00:00:00+00:00,2576.10893120482,1593.9486107631174,2404.247798638431,5731.157908321181,4641.444683532166,3695.226071836104,2986.7155957183445,2436.7921081059044,1955.6035693690255,1378.0082303376273,1328.0922010317188,1276.064747965812,526.0204176353315,477.7746813644386,430.5806775346594,809.5183760458368,499.6221664525718,296.48523278094194
2020-08-09 00:00:00+00:00,2718.1220157863963,1681.8181709890202,2536.786699399675,6047.099289109041,4897.313474031987,3898.932695547189,3151.364182343713,2571.1250780996506,2063.410072324221,1436.584596190428,1383.5688191022223,1328.3461020261543,526.0204176353315,477.7746813644386,430.5806775346594,824.0694215581989,507.4713835872154,300.4154088252131
2020-08-16 00:00:00+00:00,2771.4807570513635,1714.8335029422326,2586.585694570432,6165.80831118279,4993.451351962646,3975.4716219467205,3213.227787090209,2621.598160987542,2103.916334932458,1458.6756060705654,1404.8596193342596,1348.8028441307022,526.0204176353315,477.7746813644386,430.5806775346594,833.1538299561877,512.2720516696116,302.7498513316711
2020-08-23 00:00:00+00:00,2710.3155193210227,1676.9879582425074,2529.50100130104,6029.731908633834,4883.248299583297,3887.7348890728117,3142.313406400727,2563.740759545279,2057.483920612611,1433.3526348199475,1380.453930092172,1325.3532374805072,526.0204176353315,477.7746813644386,430.5806775346594,831.5324605155848,509.6909789734249,300.21512985892656
2020-08-30 00:00:00+00:00,2724.9814946477763,1686.0624235007099,2543.1885587125735,6062.359807034795,4909.672381416409,3908.772079596806,3159.3169953034476,2577.613594075297,2068.6173138281924,1440.050584806326,1385.3464997085885,1328.4306079286316,526.0204176353315,477.7746813644386,430.5806775346594,835.2284621030876,510.7978147533547,300.13045055529557
2020-09-06 00:00:00+00:00,2386.437825578895,1476.5909976388318,2227.230308173391,5243.954675592882,4231.151468936905,3355.0412286500427,2766.8127638279393,2257.3784786097244,1811.6183959645932,1253.7265884887354,1204.279674634264,1152.9265334871268,531.7127524352508,481.1660332742776,431.9171070652126,786.4158577098322,478.86475937405805,280.0507330260828
2020-09-13 00:00:00+00:00,2404.2682823342348,1487.623462698899,2243.871233517605,5243.954675592882,4231.151468936905,3355.0412286500427,2787.485221667308,2274.2446583659566,1825.1540444194563,1260.3770056052617,1210.6746679084913,1159.0559546065851,532.3368822785478,479.9469997247932,429.09176436124164,793.635392936886,482.5195841978357,281.71984366382827
2020-09-20 00:00:00+00:00,2540.95759227713,1572.1989761993118,2371.441527050928,5243.954675592882,4231.151468936905,3355.0412286500427,2945.961475846315,2403.5417652144274,1928.919106207389,1311.3594868150158,1259.6990552103919,1206.044450451893,532.3368822785478,479.9469997247932,429.09176436124164,823.7134950990375,499.8467305630246,291.23070705332395
2020-09-27 00:00:00+00:00,2506.9789729376785,1551.1749533267855,2339.7297388737707,5243.954675592882,4231.151468936905,3355.0412286500427,2808.002892084398,2282.5011210668235,1824.4198781246841,1298.6861159220712,1247.5124328975203,1194.3639158561145,532.3368822785478,479.9469997247932,429.09176436124164,819.3345309012392,495.6785326727142,287.85267805471494
2020-10-04 00:00:00+00:00,2481.9376868094046,1535.6808401887915,2316.3590435123683,5243.954675592882,4231.151468936905,3355.0412286500427,2808.002892084398,2282.5011210668235,1824.4198781246841,1293.348581999755,1241.0683274516016,1186.8490106200009,532.3368822785478,479.9469997247932,429.09176436124164,812.8677324307873,491.2166291517996,284.9165701480428
2020-10-11 00:00:00+00:00,2645.37151847302,1636.804331426437,2468.8896392649776,5452.5006600064,4383.2145168454435,3461.8325174947136,2808.002892084398,2282.5011210668235,1824.4198781246841,1378.5146663685584,1322.7917942371498,1265.0021739498793,532.3368822785478,479.9469997247932,429.09176436124164,836.6193527435585,504.78421971843244,292.29275384047486
2020-10-18 00:00:00+00:00,2676.578889737878,1656.1136647665946,2498.015058906971,5516.823652535223,4434.923171681067,3502.6716555423545,2808.002892084398,2282.5011210668235,1824.4198781246841,1394.776964003126,1338.3967307614134,1279.9253679956419,532.3368822785478,479.9469997247932,429.09176436124164,839.5724992213894,506.56677120433926,293.325393442734
2020-10-25 00:00:00+00:00,3031.5801890599923,1875.7681293039072,2829.33299429016,6248.533662014067,5023.1380359530895,3967.239688109498,3110.7409396192597,2519.2696182874906,2005.6838786660146,1579.7696934848097,1515.9116100165888,1449.6850453269856,532.3368822785478,479.9469997247932,429.09176436124164,855.2393983975929,515.419131480586,298.07512356469994
2020-11-01 00:00:00+00:00,3202.0596455513723,1981.2510495121753,2988.4391768811206,6599.916952620195,5305.611791831534,4190.3355073263565,3285.671962913818,2660.9395357881936,2118.4725486680204,1668.6072837615666,1601.1581716273283,1531.2073878673145,532.3368822785478,479.9469997247932,429.09176436124164,855.2393983975929,515.419131480586,298.07512356469994
2020-11-08 00:00:00+00:00,3600.7843055533217,2227.959024547169,3360.563536398869,7421.747253823551,5966.273519585232,4712.121571734628,3694.8081381599122,2992.2832111525545,2382.26752446263,1878.5276188667028,1801.4350938201846,1721.5375623983841,532.3368822785478,479.9469997247932,429.09176436124164,899.4566922684395,538.3362004466748,309.01084489142426
2020-11-15 00:00:00+00:00,3712.913982055971,2297.338443997078,3465.2126545428946,7652.863046394687,6152.065353504762,4858.858677499304,3809.865749534266,3085.4639517910273,2456.452164305897,1923.4033533588217,1843.8002458563567,1761.3249941335664,532.3368822785478,479.9469997247932,429.09176436124164,912.0483310243384,544.0121409956008,311.11690320382604
2020-11-22 00:00:00+00:00,4284.714834780406,2651.1360508424577,3998.866695631655,8831.428894367473,7099.503466036142,5607.138747678355,4396.597490392699,3560.63545514691,2834.75380259193,2140.036047759786,2051.5440689481875,1959.856456742594,532.3368822785478,479.9469997247932,429.09176436124164,913.5560029896453,544.7083812416821,311.38944613278954
2020-11-29 00:00:00+00:00,4231.328171620482,2618.103442420406,3949.04164133208,8721.391111741366,7011.045117053994,5537.274955301,4341.816792418572,3516.2706717227748,2799.4333548524837,2101.503073822195,2013.5040412711742,1922.3755487297506,532.3368822785478,479.9469997247932,429.09176436124164,913.5560029896453,544.7083812416821,311.38944613278954
2020-12-06 00:00:00+00:00,4504.59277710186,2787.1839238401344,4204.075820289384,9284.629746216295,7463.827411458302,5894.879280640472,4622.2168948758335,3743.3559458734853,2980.2243548075185,2184.5413834025953,2093.107204205899,1998.4195671080454,532.3368822785478,479.9469997247932,429.09176436124164,933.6283116866836,554.1633674409886,315.2443475441587
2020-12-13 00:00:00+00:00,4461.68380502497,2760.634310350286,4164.029454078676,9196.188029453395,7392.729938760439,5838.72698830998,4578.187481898983,3707.698215263109,2951.835914397688,2171.502415180491,2080.607634824855,1986.4788671573112,532.3368822785478,479.9469997247932,429.09176436124164,938.1686005010272,554.6935886664331,314.2190380502176
2020-12-20 00:00:00+00:00,5457.688046900638,3376.9046700471463,5093.586809731398,11249.099595285563,9043.046433567595,7142.135544730114,5600.199428809675,4535.386440465843,3610.7891752159057,2465.6309220626,2361.5295130751797,2253.7626418856817,532.3368822785478,479.9469997247932,429.09176436124164,973.634203535309,574.7637820834759,325.0373423702327
2020-12-27 00:00:00+00:00,6115.281248708476,3783.7856671091195,5707.309695706822,12604.496121571072,10132.637082070065,8002.686704899812,6274.963732211866,5081.85213531542,4045.8507607038705,2629.817996365593,2518.8525264607792,2403.9770040374387,532.3368822785478,479.9469997247932,429.09176436124164,973.634203535309,574.7637820834759,325.0373423702327
2021-01-03 00:00:00+00:00,7678.532747605826,4751.036129524706,7166.271282856939,15826.587903376403,12722.84666722598,10048.416325149516,7879.034920593989,6380.927786068904,5080.093015272467,3020.1287375625893,2892.8458034745418,2761.0713689792838,532.3368822785478,479.9469997247932,429.09176436124164,1032.2508263802072,606.6036934989576,341.3566432378325
2021-01-10 00:00:00+00:00,8876.840425751388,5492.480264790207,8284.635713170674,18296.47667338588,14708.367254340654,11616.566755892201,9108.632859688367,7376.731933954172,5872.889590606828,3305.4979149855685,3164.98327479917,3019.564278505856,532.3368822785478,479.9469997247932,429.09176436124164,1056.056833476839,618.1831361324391,346.4109773405463
2021-01-17 00:00:00+00:00,8336.689040961986,5158.265535374951,7780.5196945968555,17183.14504434965,13813.3703230704,10909.704368066567,8554.377019014912,6927.8614149138,5515.527140350431,3224.27995747443,3085.9285465237963,2942.8063351630494,532.3368822785478,479.9469997247932,429.09176436124164,1080.3311045589803,629.519782062488,351.029516671209
2021-01-24 00:00:00+00:00,7506.312826328722,4644.476309425411,7005.540747903006,15471.617258280889,12437.489070472418,9823.042868349923,7702.317985423356,6237.811527128117,4966.152859265008,3085.491086348149,2953.038732614463,2816.0215063342152,532.3368822785478,479.9469997247932,429.09176436124164,1101.6992892704798,637.8135347766253,353.1623287148179
2021-01-31 00:00:00+00:00,7700.1559284263085,4764.415314935537,7186.451906532235,15871.156466571327,12758.67492023727,10076.713231641967,7901.222726829762,6398.896838211533,5094.398843412402,3117.889973553296,2984.0605433448354,2845.618168769864,532.3368822785478,479.9469997247932,429.09176436124164,1142.6944357111215,655.6974722493421,359.5940599434697
2021-02-07 00:00:00+00:00,9027.076508398137,5585.437745089485,8424.849027368753,18606.13538637489,14957.299010735811,11813.17133584464,9262.791913301313,7501.579430961939,5972.285308406375,3339.6711446937234,3196.415167474814,3048.217178274836,532.3368822785478,479.9469997247932,429.09176436124164,1225.7078199570474,699.5629960548326,381.42470779535887
2021-02-14 00:00:00+00:00,11303.19958064666,6993.772293753006,10549.124060771272,23297.560566931224,18728.69203539702,14791.791469276108,11598.349207812757,9393.057586180026,7478.161144494405,3692.5316183465907,3532.2325457842708,3366.493978576561,532.3368822785478,479.9469997247932,429.09176436124164,1244.5977363776592,709.2435399411594,386.05432211858385
2021-02-21 00:00:00+00:00,13357.967176965534,8265.144756276066,12466.811007282788,27532.73948106554,22133.31293421401,17480.737513776156,13706.770982812584,11100.587407336709,8837.588896798045,3927.276209460622,3756.9151643949444,3580.7671766102208,532.3368822785478,479.9469997247932,429.09176436124164,1244.5977363776592,709.2435399411594,386.05432211858385
2021-02-28 00:00:00+00:00,10502.276311545058,6498.2068630181775,9801.63315179203,21646.739643331137,17401.612464346104,13743.673200204184,10776.51219631659,8727.483353405794,6948.272839153659,3601.031048814641,3444.6540100265715,3282.972907601222,532.3368822785478,479.9469997247932,429.09176436124164,1244.5977363776592,709.2435399411594,386.05432211858385
2021-03-07 00:00:00+00:00,11860.232077762832,7338.432088287771,11068.994994309498,24445.686656957354,19651.65990991455,15520.745114672245,12169.92696113451,9855.95645702227,7846.692085351815,3756.169163540032,3593.1423636768227,3424.5818785315655,532.3368822785478,479.9469997247932,429.09176436124164,1284.2095905955982,727.7978753277304,393.8014953068928
2021-03-14 00:00:00+00:00,13720.891313982016,8489.701418846727,12805.523220468018,28280.779626956588,22734.6554431114,17955.673669296793,14079.171810297621,11402.18053537873,9077.698359651618,3991.4545504090806,3816.8292809331765,3636.3530114453292,532.3368822785478,479.9469997247932,429.09176436124164,1336.30407073349,754.4105903825837,406.5030936307627
2021-03-21 00:00:00+00:00,13344.701950035847,8256.936993871344,12454.43074950028,27505.39789290516,22111.333286046858,17463.37813963289,13693.159373714332,11089.563887884953,8828.812664555953,3936.5220107260207,3764.2799576945185,3586.267845311194,532.3368822785478,479.9469997247932,429.09176436124164,1344.8387158341814,756.0966857348022,405.59353204458887
2021-03-28 00:00:00+00:00,12978.476048940567,8030.337388860355,12112.637044332349,26750.552324526892,21504.51996137167,16984.12117163913,13317.370566346755,10785.226965052187,8586.518765015562,3883.044372140366,3713.1224155111126,3537.5091964579387,532.3368822785478,479.9469997247932,429.09176436124164,1362.0845355291797,761.9696646231087,406.5368638866298
2021-04-04 00:00:00+00:00,13542.58674642862,8379.37676824606,12639.113967025882,27913.267628933645,22439.215969501634,17722.33761586773,13896.211346308899,11254.007882232305,8959.732620884457,3960.6280824959117,3785.6486793963813,3604.898744423672,532.3368822785478,479.9469997247932,429.09176436124164,1358.9301182463348,757.0453005173445,402.09470906445637
2021-04-11 00:00:00+00:00,13961.512897432767,8638.584268486778,13030.092106243284,28776.736181041793,23133.350299498314,18270.560110079885,14326.076514747612,11602.139173081687,9236.892839325243,4036.55653104559,3858.2552206689447,3674.0720774216,532.3368822785478,479.9469997247932,429.09176436124164,1384.934905717786,769.1755142742272,407.1875904230397
2021-04-18 00:00:00+00:00,13065.12234264477,8083.9491510823045,12193.502864242024,26929.14310858508,21648.087429964646,17097.509765630934,13406.279371749502,10857.230791985066,8643.84367928167,3825.5108547998616,3655.050965001704,3479.0522247561967,532.3368822785478,479.9469997247932,429.09176436124164,1360.2307048843752,750.4851911329474,394.4649718624737
2021-04-25 00:00:00+00:00,11416.976648951837,7064.171024864477,10655.310667515545,26907.59979409821,21550.671036529806,16952.180932623076,11805.035331127465,9489.957995752055,7495.103206355774,3478.047956940493,3322.9314008050546,3162.782393516677,532.3368822785478,479.9469997247932,429.09176436124164,1245.0178777655394,682.9113416220098,356.68754724815693
2021-05-02 00:00:00+00:00,13164.756971153662,8145.59735072632,12286.4905222401,26364.634332275164,21038.023978012076,16483.28492208369,13612.222039925377,10942.738565730713,8642.499255216315,3856.561478414443,3682.833259042154,3503.5483448333534,532.3368822785478,479.9469997247932,429.09176436124164,1405.6950660269363,768.3909542597004,399.8365026750466
2021-05-09 00:00:00+00:00,13551.621806272153,8384.96714562153,12647.5462667925,24362.81532407343,19013.814409247087,14544.022863348824,12856.927750279141,10146.013376045774,7854.367131767855,3922.5529929817503,3745.884790005144,3563.564332661653,532.3368822785478,479.9469997247932,429.09176436124164,1444.6606172466227,786.8892969839327,407.8903347615512
2021-05-16 00:00:00+00:00,10803.795547899472,6684.769691198238,10083.036997518859,23329.85651089321,18140.22560850857,13820.044335989933,13032.745024073647,10208.932220523087,7840.099600404321,3453.828001468132,3298.0419346118933,3137.2823542898877,532.3368822785478,479.9469997247932,429.09176436124164,1246.5652204025826,674.973928980246,347.64573296218674
2021-05-23 00:00:00+00:00,8063.6687520614905,4989.336223057574,10023.941045245492,23329.85651089321,18140.22560850857,13820.044335989933,13032.745024073647,10208.932220523087,7840.099600404321,2970.308317857977,2823.30023380753,2672.3035835527826,532.3368822785478,479.9469997247932,429.09176436124164,930.4034837202462,503.78278221234854,259.473628619317
2021-05-30 00:00:00+00:00,8293.0983092832,5131.294088104263,10023.941045245492,23329.85651089321,18140.22560850857,13820.044335989933,13032.745024073647,10208.932220523087,7840.099600404321,2970.308317857977,2823.30023380753,2672.3035835527826,532.3368822785478,479.9469997247932,429.09176436124164,956.8755606210864,518.1165382498036,266.85623839103187
2021-06-06 00:00:00+00:00,8329.17339756909,5153.615285845522,10023.941045245492,23329.85651089321,18140.22560850857,13820.044335989933,13032.745024073647,10208.932220523087,7840.099600404321,2970.308317857977,2823.30023380753,2672.3035835527826,532.3368822785478,479.9469997247932,429.09176436124164,950.7683007344932,511.68617131819315,261.81214109099335
2021-06-13 00:00:00+00:00,9079.40213954965,5617.81384769562,10023.941045245492,23329.85651089321,18140.22560850857,13820.044335989933,13032.745024073647,10208.932220523087,7840.099600404321,2970.308317857977,2823.30023380753,2672.3035835527826,532.3368822785478,479.9469997247932,429.09176436124164,1001.8205407012415,536.7702498703728,273.32878610215704
2021-06-20 00:00:00+00:00,8283.532733435464,5125.37545782083,10023.941045245492,23329.85651089321,18140.22560850857,13820.044335989933,13032.745024073647,10208.932220523087,7840.099600404321,2970.308317857977,2823.30023380753,2672.3035835527826,532.3368822785478,479.9469997247932,429.09176436124164,988.029318274027,526.6894661252271,266.72073437214135
2021-06-27 00:00:00+00:00,8074.160404091998,4995.8278562241985,10023.941045245492,23329.85651089321,18140.22560850857,13820.044335989933,13032.745024073647,10208.932220523087,7840.099600404321,2970.308317857977,2823.30023380753,2672.3035835527826,532.3368822785478,479.9469997247932,429.09176436124164,1001.7262509202498,531.0138915626144,267.2899639704615
2021-07-04 00:00:00+00:00,8210.551880488674,5080.219087390318,10023.941045245492,23329.85651089321,18140.22560850857,13820.044335989933,13032.745024073647,10208.932220523087,7840.099600404321,2970.308317857977,2823.30023380753,2672.3035835527826,532.3368822785478,479.9469997247932,429.09176436124164,1015.3873457650413,536.3592275170594,268.9510698829596
2021-07-11 00:00:00+00:00,7971.466001260611,4932.286443536467,10023.941045245492,23329.85651089321,18140.22560850857,13820.044335989933,13032.745024073647,10208.932220523087,7840.099600404321,2970.308317857977,2823.30023380753,2672.3035835527826,532.3368822785478,479.9469997247932,429.09176436124164,1007.4136409062979,530.7019416557382,265.3328523124367
2021-07-18 00:00:00+00:00,7394.313452002538,4575.1775134967575,10023.941045245492,23329.85651089321,18140.22560850857,13820.044335989933,13032.745024073647,10208.932220523087,7840.099600404321,2970.308317857977,2823.30023380753,2672.3035835527826,532.3368822785478,479.9469997247932,429.09176436124164,968.9268307747822,507.480054917672,252.13854113499917
2021-07-25 00:00:00+00:00,8232.54269959277,5093.825746307543,10023.941045245492,23329.85651089321,18140.22560850857,13820.044335989933,13032.745024073647,10208.932220523087,7840.099600404321,2970.308317857977,2823.30023380753,2672.3035835527826,532.3368822785478,479.9469997247932,429.09176436124164,1046.1100767879198,546.4209750859925,270.68999348799457
2021-08-01 00:00:00+00:00,9271.334918667177,5736.5708547959475,10023.941045245492,26252.643975672832,20337.661791170853,15432.696366785523,13150.657281695998,10263.352309152326,7850.630464044078,2970.308317857977,2823.30023380753,2672.3035835527826,532.3368822785478,479.9469997247932,429.09176436124164,1125.6468599386676,583.4118440280268,286.59251584865575
2021-08-08 00:00:00+00:00,10190.181657475245,6305.10057226498,10023.941045245492,28854.443664040024,22353.250093797415,16962.17220300895,14453.9689042909,11280.514118237152,8628.676588227361,2970.308317857977,2823.30023380753,2672.3035835527826,532.3368822785478,479.9469997247932,429.09176436124164,1183.2304497632856,610.6357876086506,298.57862179807927
2021-08-15 00:00:00+00:00,10929.983898513527,6762.847812709079,10743.524648586077,30949.262265326724,23976.085198189234,18193.617669877334,15503.32002939551,12099.473966574487,9255.114319343014,2862.2012259299922,2701.884620350104,2538.348273744455,532.3368822785478,479.9469997247932,429.09176436124164,1209.5714666279675,621.877801451316,302.8360068627631
2021-08-22 00:00:00+00:00,11457.102738831234,7088.998750293273,11369.528886211017,32441.848108587314,25132.376583645597,19071.0387837944,16250.996526529289,12682.993644639375,9701.459453271655,2867.4060736315023,2694.9246487902365,2519.750034199755,532.3368822785478,479.9469997247932,429.09176436124164,1219.543251301518,625.3488437899955,303.6562791645141
2021-08-29 00:00:00+00:00,11347.418554962002,7021.132461572601,11260.683087644937,32131.267177778354,24891.772630175892,18888.462841846238,16095.418163333434,12561.573435827242,9608.582860757031,2850.3542651487483,2678.863492130962,2504.697283226431,532.3368822785478,479.9469997247932,429.09176436124164,1227.2771107118572,627.6891586409192,303.9403741973997
2021-09-05 00:00:00+00:00,12042.918056000064,7451.467704790592,11950.866447928243,34100.63846532053,26417.424950162796,20046.163724937003,17081.929346240526,13331.490224791596,10197.506636941982,2958.478553201894,2780.7061284032793,2600.145691756127,532.3368822785478,479.9469997247932,429.09176436124164,1262.712738071761,644.5466300562995,311.44264533504963
2021-09-12 00:00:00+00:00,10709.265972518751,6626.280205940468,10730.777773844851,30053.638121156255,23110.59991701567,17397.125754926037,15190.24906106711,11855.139590208822,9068.218377283325,2707.0529574858238,2538.234421483492,2367.1699326338753,532.3368822785478,479.9469997247932,429.09176436124164,1209.9359912979128,615.1660855376723,295.97624612236484
2021-09-19 00:00:00+00:00,10992.326509481272,6801.421848511557,11090.059435786121,29384.680479685663,22429.589939539794,16749.93438294555,15591.748105619165,12168.487133054547,9307.903783337677,2667.3895052736225,2483.668022699382,2298.817303199054,532.3368822785478,479.9469997247932,429.09176436124164,1232.8754800924983,626.0944001361186,300.8516426657995
2021-09-26 00:00:00+00:00,10042.784300815914,6213.899532964432,10995.79393058194,26735.228850165324,20331.67252686045,15122.247318253561,14244.897380215982,11117.345489975583,8503.865847523835,2520.7558448231057,2341.71300266083,2161.9775976510377,577.099247477456,516.4680105522717,458.06363767349006,1178.724973749239,596.4722896266346,285.52014332353235
2021-10-03 00:00:00+00:00,11215.296801669332,6939.383090433262,11992.931294930484,26746.269574778744,20265.147694659947,15012.98470706044,15908.013877731559,12415.314875043803,9496.706947475779,2521.2646181010678,2337.9543964062077,2154.2842585970648,577.099247477456,516.4680105522717,458.06363767349006,1236.5358647431729,622.1347932069175,295.9549112954367
2021-10-10 00:00:00+00:00,12718.190470965543,7869.287586039747,13600.031030068361,30330.374385561976,22980.756805702276,17024.78342023615,18039.7500030172,14079.015663171425,10769.302849565354,2686.425585065598,2491.384402198784,2295.9379262130797,577.099247477456,516.4680105522717,458.06363767349006,1246.8384869046229,626.6048372668853,297.71451773190097
2021-10-17 00:00:00+00:00,14316.563060071045,8858.26896684456,15309.229902272016,34142.177577679875,25868.888717155372,19164.391819440865,20306.91544490648,15848.411456462436,12122.746841288668,2862.0792376023664,2654.5618249368745,2446.590859344222,577.099247477456,516.4680105522717,458.06363767349006,1246.8384869046229,626.6048372668853,297.71451773190097
2021-10-24 00:00:00+00:00,14159.244123403256,8760.929022282871,15141.002950082264,33767.002960035534,25584.625933644817,18953.802047980425,20083.770942179763,15674.259655660611,11989.534866140575,2844.790624154383,2638.501177495647,2431.762927854645,577.099247477456,516.4680105522717,458.06363767349006,1246.8384869046229,626.6048372668853,297.71451773190097
2021-10-31 00:00:00+00:00,14263.388137947879,8825.367371644545,15252.367993138992,34015.36588228969,25772.80586981446,19093.21097538908,20231.491012183793,15789.54690626019,12077.720244018114,2856.23556300612,2649.133211605104,2441.578912792162,577.099247477456,516.4680105522717,458.06363767349006,1272.0418660253931,637.360456877294,301.8427893335995
2021-11-07 00:00:00+00:00,14722.654446692768,9109.535050241837,15743.478427776266,35110.62539414462,26602.663495741155,19707.992571595154,20882.924045324817,16297.953944914592,12466.610312834655,2916.0065078835123,2703.5642738534198,2490.7609714854016,577.099247477456,516.4680105522717,458.06363767349006,1296.4423708855545,648.0801360735221,306.1494462726709
2021-11-14 00:00:00+00:00,15245.145232921168,9432.822413115806,16302.197132442077,36356.66280768171,27546.762714804296,20407.407515483166,21624.036012782602,16876.35037481283,12909.036578257139,2984.2753840626374,2766.8830524490454,2549.118850186844,577.099247477456,516.4680105522717,458.06363767349006,1316.0386248307418,656.1048664265431,309.0371666312169
2021-11-21 00:00:00+00:00,13640.315705606601,8439.845848891742,14586.093617616269,31544.003708335767,23811.799105850216,17569.561922108,19347.711913351395,15099.806761681484,11550.125085224334,2774.587651423942,2572.3995357974536,2369.872728800547,577.099247477456,516.4680105522717,458.06363767349006,1278.944619336609,634.6246824735118,297.4054828200123
2021-11-28 00:00:00+00:00,13326.85985915759,8245.897330282593,14250.90369826454,31544.003708335767,23811.799105850216,17569.561922108,18903.09951980112,14752.811661872038,11284.702032465166,2733.631372513607,2534.41294949977,2334.8623157033617,577.099247477456,516.4680105522717,458.06363767349006,1267.0274015597506,625.8033477767344,291.8046737475365
2021-12-05 00:00:00+00:00,11493.659479805145,7111.617967122023,12290.594792650734,31544.003708335767,23811.799105850216,17569.561922108,17676.42990661566,13744.38056699041,10471.09076291928,2494.1046037969045,2312.253990909265,2130.1090680031734,602.9242123475408,537.5922500376546,474.9079376887997,1202.5922637902747,590.4627154261271,273.5647728391221
2021-12-12 00:00:00+00:00,11646.664483701903,7206.288697247933,12454.208697121032,31544.003708335767,23811.799105850216,17569.561922108,17676.42990661566,13744.38056699041,10471.09076291928,2514.0963049735224,2330.796116858883,2147.198455401897,621.3298289100522,551.9520076557965,485.6341297309553,1218.8134695195376,596.7984306651758,275.68543903021094
2021-12-19 00:00:00+00:00,10861.903338131886,6720.723462559981,12381.846299398045,31544.003708335767,23811.799105850216,17569.561922108,17676.42990661566,13744.38056699041,10471.09076291928,2348.4358114394186,2163.5387679456144,1979.5339017165463,621.3298289100522,551.9520076557965,485.6341297309553,1165.1165402315821,567.4784799141341,260.6382352782853
2021-12-26 00:00:00+00:00,11814.56581855881,7310.176423499975,13287.999161401995,31544.003708335767,23811.799105850216,17569.561922108,17676.42990661566,13744.38056699041,10471.09076291928,2399.4108838971624,2205.9057767664667,2013.75289381129,621.3298289100522,551.9520076557965,485.6341297309553,1250.35126857054,606.7048401540391,277.5219635669327
2022-01-02 00:00:00+00:00,11002.664591089502,6807.818461099559,13155.836926795935,31544.003708335767,23811.799105850216,17569.561922108,17676.42990661566,13744.38056699041,10471.09076291928,2309.25595371061,2118.380531604564,1929.251651205799,621.3298289100522,551.9520076557965,485.6341297309553,1210.28904218884,584.5597348053733,266.0590067402112
2022-01-09 00:00:00+00:00,9741.162684179977,6027.27335773196,13155.836926795935,31544.003708335767,23811.799105850216,17569.561922108,17676.42990661566,13744.38056699041,10471.09076291928,2309.25595371061,2118.380531604564,1929.251651205799,621.3298289100522,551.9520076557965,485.6341297309553,1106.912993440834,531.8029854663665,240.67137879420414
2022-01-16 00:00:00+00:00,10022.019718265385,6201.051598970427,13155.836926795935,31544.003708335767,23811.799105850216,17569.561922108,17676.42990661566,13744.38056699041,10471.09076291928,2309.25595371061,2118.380531604564,1929.251651205799,621.3298289100522,551.9520076557965,485.6341297309553,1141.1903933713706,547.0424125971257,246.97096318390953
2022-01-23 00:00:00+00:00,8433.47098253598,5218.148655785813,13155.836926795935,31544.003708335767,23811.799105850216,17569.561922108,17676.42990661566,13744.38056699041,10471.09076291928,2309.25595371061,2118.380531604564,1929.251651205799,645.8858985669497,571.6527170223364,500.9728544317086,968.519152835748,463.04671463654734,208.45881941675566
2022-01-30 00:00:00+00:00,8814.421029572508,5453.858718698419,13155.836926795935,31544.003708335767,23811.799105850216,17569.561922108,17676.42990661566,13744.38056699041,10471.09076291928,2309.25595371061,2118.380531604564,1929.251651205799,660.0160205629277,581.9957127795742,507.9876588716605,1012.0613191974866,481.09813358536695,215.24694943839052
2022-02-06 00:00:00+00:00,9861.285003114393,6101.598166387312,13155.836926795935,31544.003708335767,23811.799105850216,17569.561922108,17676.42990661566,13744.38056699041,10471.09076291928,2309.25595371061,2118.380531604564,1929.251651205799,660.0160205629277,581.9957127795742,507.9876588716605,1061.8340504975513,503.37657417641157,224.54675777316777
2022-02-13 00:00:00+00:00,9785.148976037337,6054.489554977882,13155.836926795935,30440.24842227086,22809.185737317213,16695.675593227996,17676.42990661566,13744.38056699041,10471.09076291928,2309.25595371061,2118.380531604564,1929.251651205799,660.0160205629277,581.9957127795742,507.9876588716605,1067.9028151950079,503.98104261814416,223.72474034384894
2022-02-20 00:00:00+00:00,8931.955919574131,5526.582574574599,13155.836926795935,28948.14506352823,21531.214335180342,15634.65249307249,17676.42990661566,13744.38056699041,10471.09076291928,2309.25595371061,2118.380531604564,1929.251651205799,660.0160205629277,581.9957127795742,507.9876588716605,1049.4966630358417,493.0458128873071,217.79592454868703
2022-02-27 00:00:00+00:00,8771.912271323346,5427.556734595274,13155.836926795935,28948.14506352823,21531.214335180342,15634.65249307249,17676.42990661566,13744.38056699041,10471.09076291928,2309.25595371061,2118.380531604564,1929.251651205799,660.0160205629277,581.9957127795742,507.9876588716605,1054.8621602963663,492.4671212203792,216.06835591043335
2022-03-06 00:00:00+00:00,8939.848508548956,5531.466056433367,13155.836926795935,26215.68580635727,19355.090304924983,13942.49197500526,17069.591722874655,13174.676030039704,9957.084426160365,2309.25595371061,2118.380531604564,1929.251651205799,660.0160205629277,581.9957127795742,507.9876588716605,1075.2999643068122,500.22647648758334,218.62948523497298
2022-03-13 00:00:00+00:00,8790.124327309779,5438.8253113961555,13155.836926795935,24601.358308338804,18029.316365662613,12883.977373418666,17069.591722874655,13174.676030039704,9957.084426160365,2309.25595371061,2118.380531604564,1929.251651205799,660.0160205629277,581.9957127795742,507.9876588716605,1082.1938411191288,501.4462123228244,218.2266495145015
2022-03-20 00:00:00+00:00,9600.969176419836,5940.529647392125,13155.836926795935,24670.240598111617,18013.201772210854,12821.405809427923,17199.42938984572,13225.990471678433,9956.220102267074,2309.25595371061,2118.380531604564,1929.251651205799,660.0160205629277,581.9957127795742,507.9876588716605,1136.2258828103902,525.2455159623875,228.0023180662558
2022-03-27 00:00:00+00:00,10895.998298700331,6741.819470719339,13155.836926795935,27997.89215506981,20442.916986568664,14550.824330275318,19519.378713416303,15009.981495615335,11299.167334296235,2309.25595371061,2118.380531604564,1929.251651205799,660.0160205629277,581.9957127795742,507.9876588716605,1192.028811441017,547.3428336934359,235.86896745476633
2022-04-03 00:00:00+00:00,10798.176266539138,6681.292801844185,13155.836926795935,27746.532836560593,20259.38468157856,14420.190021551365,19344.137745133663,14875.224968278311,11197.725733437866,2309.25595371061,2118.380531604564,1929.251651205799,660.0160205629277,581.9957127795742,507.9876588716605,1191.8819408907664,545.7833597002025,234.5018019859808
2022-04-10 00:00:00+00:00,9809.624843792704,6069.633819621866,13155.836926795935,25206.393294955054,18404.678566713425,13100.050489633233,17716.05097347634,13522.820469590095,10098.5508940889,2309.25595371061,2118.380531604564,1929.251651205799,660.0160205629277,581.9957127795742,507.9876588716605,1134.318298764132,519.0012438027165,222.79896006788124
2022-04-17 00:00:00+00:00,9232.40248979724,5712.481698410055,13155.836926795935,23615.988903176785,17179.578483075868,12178.917553620644,16227.623821049505,12295.366744417086,9108.749449197176,2309.25595371061,2118.380531604564,1929.251651205799,660.0160205629277,581.9957127795742,507.9876588716605,1095.59570460035,499.167436169098,213.30648068899404
2022-04-24 00:00:00+00:00,9179.353216201393,5679.657847319821,13155.836926795935,23615.988903176785,17179.578483075868,12178.917553620644,16134.380089870674,12224.717715076487,9056.410684484468,2309.25595371061,2118.380531604564,1929.251651205799,660.0160205629277,581.9957127795742,507.9876588716605,1099.3583368096704,499.5100468740345,212.8210832415
2022-05-01 00:00:00+00:00,8950.910232601533,5538.310417505479,13155.836926795935,23615.988903176785,17179.578483075868,12178.917553620644,16520.298931114,12470.770766880294,9201.57180190918,2309.25595371061,2118.380531604564,1929.251651205799,660.0160205629277,581.9957127795742,507.9876588716605,1099.7245380230524,497.9197096485837,211.33673034761648
2022-05-08 00:00:00+00:00,7920.138577853847,4900.527974691362,13155.836926795935,23615.988903176785,17179.578483075868,12178.917553620644,16176.858635300483,12121.483640354769,8872.581463391898,2309.25595371061,2118.380531604564,1929.251651205799,660.0160205629277,581.9957127795742,507.9876588716605,1009.5339511465029,454.95393992103106,192.12789171526643
2022-05-15 00:00:00+00:00,7289.68313112072,4510.4382656361195,13155.836926795935,23615.988903176785,17179.578483075868,12178.917553620644,16176.858635300483,12121.483640354769,8872.581463391898,2309.25595371061,2118.380531604564,1929.251651205799,616.1717722216486,539.3284142859337,466.99493509798504,931.6941410208452,419.7112221777462,177.17123277597847
2022-05-22 00:00:00+00:00,7048.868421229838,4361.435920419926,13155.836926795935,23615.988903176785,17179.578483075868,12178.917553620644,16176.858635300483,12121.483640354769,8872.581463391898,2309.25595371061,2118.380531604564,1929.251651205799,616.1717722216486,539.3284142859337,466.99493509798504,900.9156215377252,405.8460603608782,171.31838042910314
2022-05-29 00:00:00+00:00,6856.709940128057,4242.539261863146,13155.836926795935,23615.988903176785,17179.578483075868,12178.917553620644,16176.858635300483,12121.483640354769,8872.581463391898,2309.25595371061,2118.380531604564,1929.251651205799,616.1717722216486,539.3284142859337,466.99493509798504,883.3672876536906,396.7389101511872,166.92770749624526
2022-06-05 00:00:00+00:00,6961.675323749368,4307.48582734986,13155.836926795935,23615.988903176785,17179.578483075868,12178.917553620644,16176.858635300483,12121.483640354769,8872.581463391898,2309.25595371061,2118.380531604564,1929.251651205799,616.1717722216486,539.3284142859337,466.99493509798504,894.8213781502368,400.18338809509584,167.60628518324054
2022-06-12 00:00:00+00:00,6183.426960178337,3825.9503290188372,13155.836926795935,23615.988903176785,17179.578483075868,12178.917553620644,16176.858635300483,12121.483640354769,8872.581463391898,2309.25595371061,2118.380531604564,1929.251651205799,616.1717722216486,539.3284142859337,466.99493509798504,846.4454067108826,376.17047773889897,156.47908457055794
2022-06-19 00:00:00+00:00,4787.20889056962,2962.0505826155177,13155.836926795935,23615.988903176785,17179.578483075868,12178.917553620644,16176.858635300483,12121.483640354769,8872.581463391898,2309.25595371061,2118.380531604564,1929.251651205799,510.52691319358803,445.21265437742164,383.9727527078833,665.5434805352279,295.41596499322236,122.72675711535142
2022-06-26 00:00:00+00:00,4895.189838846409,3028.863006736952,13155.836926795935,23615.988903176785,17179.578483075868,12178.917553620644,16176.858635300483,12121.483640354769,8872.581463391898,2309.25595371061,2118.380531604564,1929.251651205799,510.1184916630331,443.2091974327233,380.7089843098663,684.5265362322388,303.27618641109535,125.73806255629466
2022-07-03 00:00:00+00:00,4494.454802407477,2780.91112594548,13155.836926795935,23615.988903176785,17179.578483075868,12178.917553620644,16176.858635300483,12121.483640354769,8872.581463391898,2309.25595371061,2118.380531604564,1929.251651205799,510.1184916630331,443.2091974327233,380.7089843098663,655.9330901522136,289.47593062919015,119.5119585203752
2022-07-10 00:00:00+00:00,4854.330799224362,3003.5817740011066,13155.836926795935,23615.988903176785,17179.578483075868,12178.917553620644,16176.858635300483,12121.483640354769,8872.581463391898,2309.25595371061,2118.380531604564,1929.251651205799,510.1184916630331,443.2091974327233,380.7089843098663,700.2038263523067,307.33045918746757,126.13533566710983
2022-07-17 00:00:00+00:00,4839.366990351391,2994.3230264086105,13155.836926795935,23615.988903176785,17179.578483075868,12178.917553620644,16176.858635300483,12121.483640354769,8872.581463391898,2309.25595371061,2118.380531604564,1929.251651205799,510.1184916630331,443.2091974327233,380.7089843098663,702.7429569996477,307.4837679355123,125.77285773240618
2022-07-24 00:00:00+00:00,5253.895442899635,3250.809482807036,13155.836926795935,22621.036133539397,16334.47030786699,11487.53202652737,16176.858635300483,12121.483640354769,8872.581463391898,2309.25595371061,2118.380531604564,1929.251651205799,510.1184916630331,443.2091974327233,380.7089843098663,745.1496816639349,324.0264558669197,131.65383342755672
2022-07-31 00:00:00+00:00,5419.946952215571,3353.552642998429,13155.836926795935,21615.761179944053,15436.42211331436,10726.742531609607,16176.858635300483,12121.483640354769,8872.581463391898,2309.25595371061,2118.380531604564,1929.251651205799,510.1184916630331,443.2091974327233,380.7089843098663,764.4375544262246,331.369168749182,134.17951254841634
2022-08-07 00:00:00+00:00,5392.274027487495,3336.4302226722666,13155.836926795935,21505.396385353553,15357.607514024243,10671.974405413584,16176.858635300483,12121.483640354769,8872.581463391898,2309.25595371061,2118.380531604564,1929.251651205799,510.1184916630331,443.2091974327233,380.7089843098663,768.8878280323811,331.64955538202537,133.57459915391786
2022-08-14 00:00:00+00:00,5655.402985099076,3499.239345903079,13155.836926795935,22554.80383479999,16107.0188451201,11192.739019125615,16499.45265030658,12317.667656389538,8980.421822613265,2309.25595371061,2118.380531604564,1929.251651205799,510.1184916630331,443.2091974327233,380.7089843098663,784.8039795739026,337.46912839969303,135.4640191548089
2022-08-21 00:00:00+00:00,5006.305019832248,3097.6147144856723,13155.836926795935,19318.45342832016,13744.764616641394,9512.83516758496,14131.974277068583,10511.159401442215,7632.561823153877,2309.25595371061,2118.380531604564,1929.251651205799,510.84326004280376,442.20405500722205,378.3390080277797,753.573080970139,322.6738808957284,128.93491151137172
2022-08-28 00:00:00+00:00,4550.2474021829585,2815.4323900992426,13155.836926795935,19318.45342832016,13744.764616641394,9512.83516758496,12833.68112763621,9510.347454933211,6878.442813966656,2309.25595371061,2118.380531604564,1929.251651205799,512.8745904874716,442.3184704953231,376.91630887716326,714.3533548871455,304.70562356780795,121.24976847295123
2022-09-04 00:00:00+00:00,4653.718964424012,2879.454664503018,13155.836926795935,19318.45342832016,13744.764616641394,9512.83516758496,12992.215016812885,9592.176865746338,6909.750709841387,2309.25595371061,2118.380531604564,1929.251651205799,512.8745904874716,442.3184704953231,376.91630887716326,730.9919190693563,310.8446734254009,123.28148125650962
2022-09-11 00:00:00+00:00,5078.729761704451,3142.4269952451223,13155.836926795935,19318.45342832016,13744.764616641394,9512.83516758496,13264.570103728429,9757.18441624227,7000.736849247385,2309.25595371061,2118.380531604564,1929.251651205799,512.8745904874716,442.3184704953231,376.91630887716326,772.3268055119918,327.65654920699734,129.62102227698637
2022-09-18 00:00:00+00:00,4517.804487066204,2795.3585730129175,13155.836926795935,17374.076145678184,12270.234612012426,8424.633646437358,13599.211942744732,9966.299070418972,7122.043294140316,2309.25595371061,2118.380531604564,1929.251651205799,512.8745904874716,442.3184704953231,376.91630887716326,728.7154976721632,307.9382953597327,121.30247767072005
2022-09-25 00:00:00+00:00,4376.147406645346,2707.7092877647233,13155.836926795935,17374.076145678184,12270.234612012426,8424.633646437358,13599.211942744732,9966.299070418972,7122.043294140316,2309.25595371061,2118.380531604564,1929.251651205799,512.8745904874716,442.3184704953231,376.91630887716326,723.7000531705543,303.83453158031386,118.8460309253656
2022-10-02 00:00:00+00:00,4434.183065315797,2743.6184282486333,13155.836926795935,17374.076145678184,12270.234612012426,8424.633646437358,13599.211942744732,9966.299070418972,7122.043294140316,2309.25595371061,2118.380531604564,1929.251651205799,512.8745904874716,442.3184704953231,376.91630887716326,736.6843428451845,308.6691587632738,120.47651801642039
2022-10-09 00:00:00+00:00,4523.118954406566,2798.6468609154604,13155.836926795935,17193.151592017548,12052.935516850912,8209.495768321383,13599.211942744732,9966.299070418972,7122.043294140316,2309.25595371061,2118.380531604564,1929.251651205799,512.8745904874716,442.3184704953231,376.91630887716326,745.4289549436041,312.0910237575254,121.7099439444786
2022-10-16 00:00:00+00:00,4482.157534503006,2773.3022811272012,13155.836926795935,17193.151592017548,12052.935516850912,8209.495768321383,13599.211942744732,9966.299070418972,7122.043294140316,2309.25595371061,2118.380531604564,1929.251651205799,512.8745904874716,442.3184704953231,376.91630887716326,744.193761794105,310.8577672356409,120.92756835575014
2022-10-23 00:00:00+00:00,4553.68877573655,2817.561714883771,13155.836926795935,17193.151592017548,12052.935516850912,8209.495768321383,13599.211942744732,9966.299070418972,7122.043294140316,2309.25595371061,2118.380531604564,1929.251651205799,512.8745904874716,442.3184704953231,376.91630887716326,751.0017031963228,313.45671535696135,121.83563036435095
2022-10-30 00:00:00+00:00,4799.652748422624,2969.750128895202,13155.836926795935,17648.664939039994,12326.69227689918,8362.656208835699,13766.415349600877,9977.565602356684,7045.224182938482,2309.25595371061,2118.380531604564,1929.251651205799,512.8745904874716,442.3184704953231,376.91630887716326,768.2848272517724,320.17085167926984,124.23524783547738
2022-11-06 00:00:00+00:00,4864.361739988067,3009.788345431869,13155.836926795935,17886.604508950957,12492.880930200776,8475.40166740248,14102.856912286992,10183.560829395305,7161.786024700575,2309.25595371061,2118.380531604564,1929.251651205799,512.8745904874716,442.3184704953231,376.91630887716326,773.5398640515006,321.98929435370883,124.78497070369741
2022-11-13 00:00:00+00:00,3799.6696365154244,2351.017872388644,13155.836926795935,15854.547275233996,11032.587502316266,7454.637395648836,14102.856912286992,10183.560829395305,7161.786024700575,2309.25595371061,2118.380531604564,1929.251651205799,458.4146992966232,393.89437835744724,334.3210140515834,686.9197879017216,284.3474072194621,109.53758203650226
2022-11-20 00:00:00+00:00,3788.123932950242,2343.8740525233097,13155.836926795935,15854.547275233996,11032.587502316266,7454.637395648836,14102.856912286992,10183.560829395305,7161.786024700575,2309.25595371061,2118.380531604564,1929.251651205799,476.51086420753654,407.9274150355426,344.8404795188723,689.1065449026588,284.6013347709638,109.3646135156917
2022-11-27 00:00:00+00:00,3822.6889120838136,2365.260881241475,13155.836926795935,15854.547275233996,11032.587502316266,7454.637395648836,14102.856912286992,10183.560829395305,7161.786024700575,2309.25595371061,2118.380531604564,1929.251651205799,476.51086420753654,407.9274150355426,344.8404795188723,683.9759690194752,281.6365667648016,107.87467483917821
2022-12-04 00:00:00+00:00,3980.196321542568,2462.717441967833,13155.836926795935,15854.547275233996,11032.587502316266,7454.637395648836,14102.856912286992,10183.560829395305,7161.786024700575,2309.25595371061,2118.380531604564,1929.251651205799,476.51086420753654,407.9274150355426,344.8404795188723,694.3429502283881,285.57707374386655,109.24802430010088
2022-12-11 00:00:00+00:00,3975.391428785192,2459.744449621619,13155.836926795935,15854.547275233996,11032.587502316266,7454.637395648836,14102.856912286992,10183.560829395305,7161.786024700575,2309.25595371061,2118.380531604564,1929.251651205799,476.51086420753654,407.9274150355426,344.8404795188723,694.2884944580148,285.3410937046245,109.0694272003873
2022-12-18 00:00:00+00:00,3894.6878450579075,2409.809695851114,13155.836926795935,15854.547275233996,11032.587502316266,7454.637395648836,14102.856912286992,10183.560829395305,7161.786024700575,2309.25595371061,2118.380531604564,1929.251651205799,476.51086420753654,407.9274150355426,344.8404795188723,692.5525613495087,283.8703482289596,108.19504910454395
2022-12-25 00:00:00+00:00,3916.536727862637,2423.3285327184035,13155.836926795935,15854.547275233996,11032.587502316266,7454.637395648836,14102.856912286992,10183.560829395305,7161.786024700575,2309.25595371061,2118.380531604564,1929.251651205799,476.51086420753654,407.9274150355426,344.8404795188723,693.8242117334574,283.8619641073302,107.97386170837558
2023-01-01 00:00:00+00:00,3866.426233711131,2392.3230299735756,13155.836926795935,15854.547275233996,11032.587502316266,7454.637395648836,14102.856912286992,10183.560829395305,7161.786024700575,2309.25595371061,2118.380531604564,1929.251651205799,476.51086420753654,407.9274150355426,344.8404795188723,689.6382131683382,281.93195421111386,107.15049299117989
2023-01-08 00:00:00+00:00,3985.3455843377633,2465.9035107630743,13155.836926795935,16102.737325519147,11164.019837552618,7513.525782401249,14206.214188875936,10145.056518070365,7049.7819014747865,2309.25595371061,2118.380531604564,1929.251651205799,476.51086420753654,407.9274150355426,344.8404795188723,700.2643038631759,286.27765019437584,108.80278255352736
2023-01-15 00:00:00+00:00,4856.431921819962,3004.8818282813118,14446.504165509119,19622.35041389207,13604.165854021168,9155.774745977027,17311.299764367355,12362.485330418718,8590.669276646891,2416.411650129129,2208.5141240164508,2003.3605787957604,476.51086420753654,407.9274150355426,344.8404795188723,730.2209424122988,297.7146646296443,112.81710198070517
2023-01-22 00:00:00+00:00,5283.725334013227,3269.266510351083,15717.580576857496,21348.82392336974,14801.129085748998,9961.34605747918,18834.43536369126,13450.199237472558,9346.519754391604,2629.019753335134,2402.8303527044386,2179.6263622655147,476.51086420753654,407.9274150355426,344.8404795188723,733.1306651286316,298.12270448390063,112.65256593091829
2023-01-29 00:00:00+00:00,5524.416722201378,3418.1925511632307,16433.56902229198,22321.33436656444,15475.370095868855,10415.11873853869,19692.406985388636,14062.900867709566,9772.285037823514,2748.7804096907653,2512.287324180619,2278.9156442968933,476.51086420753654,407.9274150355426,344.8404795188723,750.9988465885535,303.8909382990803,114.22287600734553
2023-02-05 00:00:00+00:00,5336.085867533441,3301.664208543266,15873.338276704873,21560.38598233235,14947.804956775537,10060.06076370955,19021.080395719404,13583.487696562903,9439.141669794133,2653.4630114155343,2424.166812715511,2197.996443180546,476.51086420753654,407.9274150355426,344.8404795188723,742.8772702568892,300.02883352088907,112.53773933965708
2023-02-12 00:00:00+00:00,5068.647630799992,3136.188750288148,15077.785561628754,20479.805243275983,14198.638863891158,9555.862559470104,18067.766613280633,12902.699551761456,8966.063187342002,2535.2954113189794,2315.1219203587575,2098.0514623495087,476.51086420753654,407.9274150355426,344.8404795188723,724.6675107150629,292.1092399482873,109.33848370585451
2023-02-19 00:00:00+00:00,5647.612776405764,3494.4192110967206,16800.042255910572,22819.10643134845,15820.475222623998,10647.378829907542,20131.553226590368,14376.507531487614,9990.209755990076,2786.380820249792,2542.2127559250384,2301.705844757272,476.51086420753654,407.9274150355426,344.8404795188723,771.9421250858979,310.0733071976224,115.62108872988334
2023-02-26 00:00:00+00:00,5480.8003954522155,3391.2052671294373,16303.82285139747,22145.10316204709,15353.189088785686,10332.889383862052,19536.931665414955,13951.871575364168,9695.130978177222,2725.4494533442858,2486.5922963491216,2251.3193691799056,476.51086420753654,407.9274150355426,344.8404795188723,761.5589352463813,304.6237510098026,113.07549159621232
2023-03-05 00:00:00+00:00,5219.123376378457,3229.294520278304,15525.4081208044,20999.629973748088,14505.121541195036,9722.90422686853,18604.154393632612,13285.74912956764,9232.243664126487,2629.8669889685607,2399.341002541431,2172.278577031572,476.51086420753654,407.9274150355426,344.8404795188723,740.1977148510438,295.9495526753521,109.80381538868443
2023-03-12 00:00:00+00:00,5118.341623351703,3166.936545706113,15225.611060257388,20999.629973748088,14505.121541195036,9722.90422686853,16952.877450581844,12061.69588044893,8347.973061199415,2593.054553728737,2365.737217329734,2141.8369676708085,473.9980986439919,402.7846216055232,337.7798359571318,736.4881312014561,293.57519172729104,108.5682431365051
2023-03-19 00:00:00+00:00,6508.796148476147,4027.2701409997103,19361.81793240757,24342.393271829886,16752.142555485436,11184.563363860845,21540.162141645164,15269.023911744705,10525.869433276875,3031.3307333000225,2764.226236111821,2501.2678409232767,473.9980986439919,402.7846216055232,337.7798359571318,837.8805892587689,332.1786127174834,122.1217058208744
2023-03-26 00:00:00+00:00,6507.674619028661,4026.5762028346385,19358.481701179448,24338.198838596178,16749.255996933614,11182.63615383864,21536.450560333604,15266.392909089109,10524.055722682704,3031.0075546688345,2763.931378073422,2501.000878757144,473.9980986439919,402.7846216055232,337.7798359571318,847.9291743856295,334.08991682896334,122.00573382115937
2023-04-02 00:00:00+00:00,6555.099957615027,4055.9202851593536,19499.558599294774,24515.565930234054,16871.31789818504,11264.13074859499,21693.399627329953,15377.648295243329,10600.750845774844,3044.6735855005436,2776.399835622472,2512.289722886033,473.9980986439919,402.7846216055232,337.7798359571318,855.0370245102557,336.36162732505005,122.62671355889904
2023-04-09 00:00:00+00:00,6590.442096158265,4077.7879755935664,19604.691412829943,24647.742789957712,16962.28042483149,11324.861854460665,21810.360640901115,15460.557629964971,10657.905306801566,3054.857735353494,2785.6915342640445,2520.7023542997167,473.9980986439919,402.7846216055232,337.7798359571318,857.3230110054203,337.2612449971742,122.95481800022681
2023-04-16 00:00:00+00:00,7051.360450354845,4362.977845263892,20975.792466248018,26371.541721144793,18148.578136390424,12116.893194892966,23335.720455062605,16541.828760761917,11403.291443500588,3193.5662491061235,2910.7204747934743,2632.4190777540557,473.9980986439919,402.7846216055232,337.7798359571318,883.0088269290235,346.8356186388947,126.23624665256408
2023-04-23 00:00:00+00:00,6419.848625262472,3972.2345098042038,19097.22434079465,24009.736426964766,16523.212111999102,11031.71801631148,21245.799861983236,15060.361383704405,10382.025626464829,2907.039322197719,2647.4159631416474,2392.2073042724123,479.0134124412068,405.54710978297544,338.74757030967373,853.5136387980923,334.3335338272257,121.3264739763209
2023-04-30 00:00:00+00:00,6802.055157572112,4208.722013814608,20234.180103787578,25439.159243152037,17506.92371839008,11688.492799417809,22510.67135123292,15956.981979577156,11000.120887687397,3080.110290608525,2805.030220722711,2534.6276807800236,490.95045459648765,414.11421861596244,344.51368242439617,884.1930733743309,345.5407800024563,125.07568409273296
2023-05-07 00:00:00+00:00,6615.185548740319,4093.0978063972702,19678.296149095197,24182.42411107716,16519.356043451637,10941.25854338122,21892.246441040414,15518.603443740061,10697.91982642486,2995.49189339896,2727.968966739155,2464.9950664789853,490.95045459648765,414.11421861596244,344.51368242439617,877.7456551730374,341.72551645046417,123.18927931513672
2023-05-14 00:00:00+00:00,6263.257984688178,3875.345193138092,18631.41170762002,24163.06967267005,16445.013156887097,10848.254029997554,20616.659102159127,14560.270254271869,9996.951693594545,2844.96852141698,2589.7585648807694,2339.004124811023,490.95045459648765,414.11421861596244,344.51368242439617,854.8530181770684,332.0267636108292,119.3874575395448
2023-05-21 00:00:00+00:00,6223.73919602412,3850.893230906566,18513.85454749881,24163.06967267005,16445.013156887097,10848.254029997554,20144.815164732776,14122.143743101326,9618.874931881117,2821.712678502075,2567.603545881319,2318.039686144882,490.95045459648765,414.11421861596244,344.51368242439617,852.9414541555359,331.156882015943,119.02491284939347
2023-05-28 00:00:00+00:00,6530.23318333024,4040.534149951615,19425.587016027283,24163.06967267005,16445.013156887097,10848.254029997554,20144.815164732776,14122.143743101326,9618.874931881117,2958.9108689598743,2692.495131439679,2430.839430886266,490.95045459648765,414.11421861596244,344.51368242439617,875.3458719086132,339.5922519560039,121.95449126535436
2023-06-04 00:00:00+00:00,6309.2337115613,3903.7923387888654,18768.176423048393,24163.06967267005,16445.013156887097,10848.254029997554,20144.815164732776,14122.143743101326,9618.874931881117,2859.9832264135166,2602.441245947904,2349.504445418449,490.95045459648765,414.11421861596244,344.51368242439617,862.0848545926591,333.6787150213682,119.53279702426312
2023-06-11 00:00:00+00:00,6032.420698595664,3732.5163061207227,17944.73641415878,24163.06967267005,16445.013156887097,10848.254029997554,20144.815164732776,14122.143743101326,9618.874931881117,2736.071351965797,2489.6442009020057,2247.62826351335,517.8986435022023,433.62413235346435,357.86997996043135,845.9105933417495,326.7659775791567,116.80434646230198
2023-06-18 00:00:00+00:00,6128.84896283353,3792.1805912596133,18231.58308336178,24163.06967267005,16445.013156887097,10848.254029997554,20144.815164732776,14122.143743101326,9618.874931881117,2779.2362553908292,2528.9372353891035,2283.1169975256826,517.8986435022023,433.62413235346435,357.86997996043135,857.6416961827659,330.65268953615225,117.94456166787467
2023-06-25 00:00:00+00:00,7088.12660554095,4385.726635608946,21085.161324413104,25981.45363865962,17617.444844736005,11575.575185791666,21660.806691869144,15128.968649035503,10263.772370081719,3177.136797414584,2889.697778424641,2607.52893610068,517.8986435022023,433.62413235346435,357.86997996043135,911.6167090447522,349.9825815595926,124.27068818829567
2023-07-02 00:00:00+00:00,7124.045796579991,4407.951373065851,21192.010705053188,26113.115056218023,17706.721518561662,11634.234591813029,21770.5731642988,15205.634931308672,10315.784195075646,3190.9816657854576,2902.2961161612952,2618.903010525226,517.8986435022023,433.62413235346435,357.86997996043135,916.0275912857294,350.6260277126469,124.09705849601964
2023-07-09 00:00:00+00:00,7017.868137352578,4342.254720890332,20876.162357746816,25723.921961314525,17442.818352142513,11460.836521231522,21446.101850577877,14979.008268570493,10162.036472194071,3153.3535132410498,2866.674788854007,2585.405579352162,517.8986435022023,433.62413235346435,357.86997996043135,916.4595804567039,349.99825184181145,123.5718749380268
2023-07-16 00:00:00+00:00,7034.453742957702,4352.5169433812825,20925.499818730335,25784.716324491077,17484.04165531212,11487.922369914575,21496.786272128604,15014.408751827807,10186.052815301973,3160.7201289293425,2873.3748866066953,2591.451384823432,517.8986435022023,433.62413235346435,357.86997996043135,920.8535357605048,350.88340508674196,123.58221853400984
2023-07-23 00:00:00+00:00,6999.960895386107,4331.174745540953,20822.89340436169,25658.283153934237,17398.310139292713,11431.592316480577,21391.37860306744,14940.786871383583,10136.106368860954,3145.399883283544,2859.440788811262,2578.8780093596088,517.8986435022023,433.62413235346435,357.86997996043135,920.9798717427411,350.54153524044847,123.31338874290923
2023-07-30 00:00:00+00:00,6813.1959936604035,4215.6153248817645,20267.320923539144,24973.6983679173,16934.10844846611,11126.587724674495,20820.638454331387,14542.153988508786,9865.666442388028,3062.4469126274653,2783.9932514631637,2510.798236357775,517.8986435022023,433.62413235346435,357.86997996043135,909.2776577726481,344.6609538803708,120.70470651709172
2023-08-06 00:00:00+00:00,6768.36506448056,4187.876514453431,20133.96165575443,24477.720060767577,16414.417367676862,10656.193021439416,20683.638349110028,14446.466402801903,9800.750213058622,3042.5349338863957,2765.8828721981467,2494.456410598096,517.8986435022023,433.62413235346435,357.86997996043135,907.1659715422936,343.3383774691621,120.04400336462373
2023-08-13 00:00:00+00:00,6818.489519579548,4218.890655432679,20283.067658070224,24477.720060767577,16414.417367676862,10656.193021439416,20836.81508999748,14553.452543420464,9873.33159117737,3064.7980701317956,2786.1316805298525,2512.7278389738167,517.8986435022023,433.62413235346435,357.86997996043135,911.5330834819403,344.8625645867492,120.52805805256601
2023-08-20 00:00:00+00:00,6093.95124778504,3770.587884621105,19717.196234907296,24477.720060767577,16414.417367676862,10656.193021439416,20412.799225353207,14204.504847181033,9597.878376059978,2785.580937230605,2522.9182890872075,2266.1857794758366,474.78964725883844,396.06573032296336,325.57656007550526,843.2255825933175,318.04382913702034,110.78759492536568
2023-08-27 00:00:00+00:00,6073.424001341662,3757.886800612241,19717.196234907296,24477.720060767577,16414.417367676862,10656.193021439416,20412.799225353207,14204.504847181033,9597.878376059978,2785.580937230605,2522.9182890872075,2266.1857794758366,482.4166390131078,400.93792977434055,328.2573517196851,842.3794507167793,317.4811867581082,110.49958407251961
2023-09-03 00:00:00+00:00,6043.044979627229,3739.090002514336,20569.54486856044,24477.720060767577,16414.417367676862,10656.193021439416,20412.799225353207,14204.504847181033,9597.878376059978,2739.3499596740626,2462.7544702353844,2194.51692016418,482.4166390131078,400.93792977434055,328.2573517196851,845.6816534336548,318.222683391093,110.56853058090634
2023-09-10 00:00:00+00:00,6012.889333072459,3720.431416167151,20569.54486856044,24477.720060767577,16414.417367676862,10656.193021439416,20412.799225353207,14204.504847181033,9597.878376059978,2739.3499596740626,2462.7544702353844,2194.51692016418,482.4166390131078,400.93792977434055,328.2573517196851,843.5791846998218,317.43121708986064,110.29340846032063
2023-09-17 00:00:00+00:00,6172.486231003911,3819.180832645035,20569.54486856044,24477.720060767577,16414.417367676862,10656.193021439416,20412.799225353207,14204.504847181033,9597.878376059978,2739.3499596740626,2462.7544702353844,2194.51692016418,482.4166390131078,400.93792977434055,328.2573517196851,858.111176928977,322.26931948670637,111.73787345888883
2023-09-24 00:00:00+00:00,6107.537576506744,3778.994326417493,20569.54486856044,24362.029645837294,16216.389618381188,10443.745244798942,20412.799225353207,14204.504847181033,9597.878376059978,2739.3499596740626,2462.7544702353844,2194.51692016418,482.4166390131078,400.93792977434055,328.2573517196851,854.5379582605968,320.0809159482112,110.66261883874111
2023-10-01 00:00:00+00:00,6513.379992898433,4030.1063613009455,20569.54486856044,25217.455195674826,16723.96755740865,10727.918219579267,20412.799225353207,14204.504847181033,9597.878376059978,2739.3499596740626,2462.7544702353844,2194.51692016418,482.4166390131078,400.93792977434055,328.2573517196851,883.410459251903,330.6408683011714,114.21833639469652
2023-10-08 00:00:00+00:00,6495.807813671458,4019.2337035776495,20569.54486856044,25149.422063440907,16678.8486551451,10698.975811506602,20412.799225353207,14204.504847181033,9597.878376059978,2739.3499596740626,2462.7544702353844,2194.51692016418,482.4166390131078,400.93792977434055,328.2573517196851,882.6120310518844,329.9509742346428,113.83385774904946
2023-10-15 00:00:00+00:00,6318.294366475211,3909.398552927441,20569.54486856044,24462.154100235657,16223.059320705745,10406.60077021111,20697.18948949973,14349.35125447128,9657.29389413525,2739.3499596740626,2462.7544702353844,2194.51692016418,482.4166390131078,400.93792977434055,328.2573517196851,874.6899599165447,326.6068458034986,112.53763555428135
2023-10-22 00:00:00+00:00,6978.719313796716,4318.0316718709355,22528.112974760334,27019.08100106812,17918.788021495577,11494.35932763595,22860.580348721687,15849.229069062358,10666.730530253963,2880.41932749609,2580.041370557309,2289.91059255021,482.4166390131078,400.93792977434055,328.2573517196851,912.5707123281004,340.101229920819,116.94492242267992
2023-10-29 00:00:00+00:00,8033.56894929662,4970.712189648064,25933.289582586694,31103.07785836734,20627.254455402257,13231.758440835889,26316.01017242755,18244.876859825745,12279.031628188886,3297.74470388102,2952.5118877508294,2619.2150792268617,482.4166390131078,400.93792977434055,328.2573517196851,945.2643225390619,351.72968021566777,120.73657873232854
2023-11-05 00:00:00+00:00,8146.650297052426,5040.680448744269,26298.329250043244,31540.8880005067,20917.605823398302,13418.01004172617,26686.43705450642,18501.693634284176,12451.872547886638,3338.4983846913874,2989.0156639508855,2651.613933269475,482.4166390131078,400.93792977434055,328.2573517196851,945.2643225390619,351.72968021566777,120.73657873232854
2023-11-12 00:00:00+00:00,8624.172871450768,5336.144058551438,27839.82734164533,33389.68296378888,22143.708407751656,14204.517681651034,28250.684402695402,19586.185548484722,13181.74924792104,3510.5939863356093,3143.164668470662,2788.4285759760214,482.4166390131078,400.93792977434055,328.2573517196851,945.2643225390619,351.72968021566777,120.73657873232854
2023-11-19 00:00:00+00:00,8692.98405475047,5378.720476301845,28061.957798767748,33656.09501616623,22320.39025317537,14317.853729576469,28476.093036282902,19742.461242862373,13286.924756022478,3535.393027521745,3165.377598233914,2808.1436176559373,482.4166390131078,400.93792977434055,328.2573517196851,956.2325495797405,355.16022075775805,121.67269095236335
2023-11-26 00:00:00+00:00,8713.36005759616,5391.327979437825,28127.7338922659,33734.98354092423,22372.708344690458,14351.414199318566,28542.839846019,19788.736773098237,13318.068769969124,3520.909814791954,3148.9263072816216,2790.209335917502,482.4166390131078,400.93792977434055,328.2573517196851,960.5836230768455,355.27597016263553,121.15776733934581
2023-12-03 00:00:00+00:00,9300.843707988737,5754.82920294833,30024.199053245167,36009.50808088949,23881.150585183983,15319.03416984433,30467.292827930556,21122.959075318216,14216.017162488482,3739.9861844639877,3344.977041921772,2964.0408385762726,482.4166390131078,400.93792977434055,328.2573517196851,983.7193486623303,363.14414434487264,123.58728551002024
2023-12-10 00:00:00+00:00,10189.05082072942,6304.400875276952,32891.434326807386,39448.3252686536,26161.740225882142,16781.96329081068,33376.84243927147,23140.148384360502,15573.610941612034,4070.6290379348625,3639.512046430424,3223.883204214049,482.4166390131078,400.93792977434055,328.2573517196851,1000.5281038994929,368.36328804423493,125.00130065573333
2023-12-17 00:00:00+00:00,9627.155260241381,5956.732095752556,31077.570479086004,37272.86857232928,24718.99880215134,15856.488402590945,31536.209791568872,21864.038678463887,14714.773057414168,3883.559750907592,3472.192826578794,3075.611379819059,482.4166390131078,400.93792977434055,328.2573517196851,997.410031154229,365.42859428316683,123.35267459200763
2023-12-24 00:00:00+00:00,10003.367892433345,6189.510917785311,32292.02836160853,38729.42802482424,25684.974664503257,16476.1326358045,32768.590507816574,22718.447620588457,15289.801023037568,3998.539019958457,3573.5913582816984,3164.0955211785918,482.4166390131078,400.93792977434055,328.2573517196851,1017.8292643826379,372.4881094651379,125.58110494437963
2023-12-31 00:00:00+00:00,9838.647326777076,6087.591269275289,31760.29132713079,38091.68947912722,25262.032751229817,16204.828219453855,32229.00615760098,22344.354056987122,15038.031349026922,3936.51928881758,3518.140015818716,3114.9766016417116,482.4166390131078,400.93792977434055,328.2573517196851,1012.5494514737904,369.85349078644737,124.43734037366234
2024-01-07 00:00:00+00:00,10221.512350442817,6324.486210009171,32996.22389862343,39574.00458907142,26245.089511565235,16835.429330935378,33483.17848387901,23213.871111586777,15623.227264390349,4080.673637343466,3647.027258645996,3229.145201148385,482.4166390131078,400.93792977434055,328.2573517196851,1035.0131746594068,377.03306361591393,126.48041684060732
2024-01-14 00:00:00+00:00,9710.385775462379,6008.230369953082,31346.24820712407,37595.107070741265,24932.70419594995,15993.573934471131,31808.852635494906,22053.06182754882,14841.988014462444,3958.5765333650984,3535.8776897138487,3128.7798310455714,482.4166390131078,400.93792977434055,328.2573517196851,1022.5086361290952,370.3254769046497,123.45393310703153
2024-01-21 00:00:00+00:00,9675.013388199606,5986.343963344294,31232.062050522614,37190.37546080294,24391.789024997543,15459.546134568633,31692.981332353633,21972.728310288854,14787.92254683461,3947.322440740333,3525.8193036957773,3119.873715299069,482.4166390131078,400.93792977434055,328.2573517196851,1023.0662031056872,370.0981211735184,123.22370509852855
2024-01-28 00:00:00+00:00,9779.890352486884,6051.235820013018,31570.617019375244,37190.37546080294,24391.789024997543,15459.546134568633,32036.532657606018,22210.91227446846,14948.223350833394,3980.6901368905787,3555.6418029059164,3146.2798036454765,482.4166390131078,400.93792977434055,328.2573517196851,1034.2113314194562,373.54812220800466,124.16314358411687
2024-02-04 00:00:00+00:00,9908.289186451799,6130.681661973692,31985.10330365243,36058.57610982174,23388.65326263893,14647.308591010567,32703.990937690436,22589.701057893057,15142.065461203283,4021.5415603361635,3592.1529104739475,3178.608265632286,482.4166390131078,400.93792977434055,328.2573517196851,1042.2485811182064,375.74423915188703,124.63919556331432
2024-02-11 00:00:00+00:00,11238.5603938186,6953.777268388439,36279.37259563888,40345.39317971349,25976.269960456015,16138.192729726996,36955.93083937902,25432.627547282988,16980.086778148656,4483.97617617585,4003.826693920521,3541.5755359324567,482.4166390131078,400.93792977434055,328.2573517196851,1094.6323700612368,393.56784862210736,130.17120248880008
2024-02-18 00:00:00+00:00,12131.521209175906,7506.290259537069,39161.953370973024,43551.03998208183,28040.21679982064,17420.454267980287,39892.26761012511,27453.37923037147,18329.241082875542,4806.502737195916,4291.921741013712,3796.50893952405,482.4166390131078,400.93792977434055,328.2573517196851,1104.3467470119692,395.40514773337594,130.18947244426664
2024-02-25 00:00:00+00:00,12036.395966702747,7447.432209610711,38854.87808784048,43209.54915279324,27820.348872617473,17283.857636143162,39579.46581356666,27238.112792554803,18185.518504948654,4772.144659222707,4261.231579991261,3769.3514188197923,482.4166390131078,400.93792977434055,328.2573517196851,1102.1571630121798,394.0221304009866,129.5210476279552
2024-03-03 00:00:00+00:00,14685.513672749317,9086.55446727318,47406.53639100081,52719.63689397537,33943.392596895406,21087.901090625648,48290.60027380219,33233.010856532084,22188.010546450863,5728.973681027754,5115.913753221345,4525.65402661896,482.4166390131078,400.93792977434055,328.2573517196851,1177.6851991051676,418.63342290057943,136.7655980610199
2024-03-10 00:00:00+00:00,16044.823650872566,9927.617601281509,51794.546193077134,57599.43409208036,37085.23654437217,23039.824258512843,52760.440162586376,36309.1009591335,24241.761256339913,6208.698300497743,5541.092895211475,4898.696445698387,482.4166390131078,400.93792977434055,328.2573517196851,1181.9289442719041,419.8263302028635,137.043842369195
2024-03-17 00:00:00+00:00,15913.963036502175,9846.64855065144,51372.112996967,57129.65658023676,36782.77159094752,22851.912840908022,52330.12919349369,36012.96612074966,24044.04691304437,6203.5760777371715,5534.398525416053,4890.73046891684,482.4166390131078,400.93792977434055,328.2573517196851,1176.3880679121564,416.74805653208824,135.64851526559906
2024-03-24 00:00:00+00:00,15638.5856743023,9676.260816422822,50483.16302672451,56141.07729949035,36146.277551600935,22456.480259789383,51424.601581808965,35389.792899058855,23627.985483195822,6080.220883669579,5422.186629251234,4789.490895457883,482.4166390131078,400.93792977434055,328.2573517196851,1174.208532062187,414.19531421061896,134.19361965306243
2024-03-31 00:00:00+00:00,16585.60793194769,10262.223930657134,53540.26038951282,59540.799683476296,38335.17941813249,23816.37220125445,54538.709423961496,37532.88449742134,25058.819998664672,6284.404453302302,5604.340090661607,4950.454607021145,482.4166390131078,400.93792977434055,328.2573517196851,1216.181178950755,427.68633370116464,138.10474581666358
2024-04-07 00:00:00+00:00,16138.946031951811,9985.85513803536,52098.3841236577,57937.32474164628,37302.78650580496,23174.98081529684,53069.94423461284,36522.09794255218,24383.968633662942,6188.101520162324,5518.427631363476,4874.536267555719,482.4166390131078,400.93792977434055,328.2573517196851,1211.377515631426,423.8686376335201,136.13247434711786
2024-04-14 00:00:00+00:00,15278.358326973865,9453.372772800958,49320.30749230436,53353.97885817118,34224.60845155069,21177.17624811119,50240.06046018586,34574.60593240883,23083.726129403167,6002.553748538325,5352.899283910803,4728.26368525826,482.4166390131078,400.93792977434055,328.2573517196851,1184.8297139254,412.968412689348,132.0747090157615
2024-04-21 00:00:00+00:00,15110.666406329135,9349.614620065218,48778.97858031182,53353.97885817118,34224.60845155069,21177.17624811119,49688.63654070613,34195.12261684186,22830.36419826935,5983.816197946227,5332.74208605206,4707.174376296497,482.4166390131078,400.93792977434055,328.2573517196851,1186.9775820349607,411.50443893900336,130.84463232676927
2024-04-28 00:00:00+00:00,14686.595646178952,9087.223930440732,47410.029126352725,53353.97885817118,34224.60845155069,21177.17624811119,48294.1581436569,33235.45933981531,22189.645275640607,5862.774015660167,5224.800896907719,4611.829572851517,482.4166390131078,400.93792977434055,328.2573517196851,1173.7638739371032,405.5332157957693,128.46965090923203
2024-05-05 00:00:00+00:00,14894.469500492994,9215.84436154295,48081.06996693037,53353.97885817118,34224.60845155069,21177.17624811119,48826.91066819252,33477.665938969505,22261.54488406248,5922.107285790547,5277.712234201355,4658.566329174691,482.4166390131078,400.93792977434055,328.2573517196851,1190.2363252296466,409.47359924736367,129.12029975135388
2024-05-12 00:00:00+00:00,14306.245919884022,8851.885311608185,46182.21622564592,53353.97885817118,34224.60845155069,21177.17624811119,48826.91066819252,33477.665938969505,22261.54488406248,5754.211093551745,5127.9882759846,4526.314669911497,482.4166390131078,400.93792977434055,328.2573517196851,1166.108131856213,400.0954715616755,125.7967388936283
2024-05-19 00:00:00+00:00,15420.799547278126,9541.507238882412,49780.124223568106,53365.68267838167,34106.02460240101,21020.096348182822,48241.950213595206,32954.758718494224,21826.912285525963,6118.250814392227,5450.418894948613,4809.031831197204,482.4166390131078,400.93792977434055,328.2573517196851,1212.502227799445,414.90163638127143,130.07433245599162
2024-05-26 00:00:00+00:00,15940.533046379405,9863.08855045843,51457.884061447476,55164.288055834986,35255.5138654379,21728.545231977267,46590.48270008368,31474.984411707122,20597.600829710784,6329.0842324186515,5635.053505197564,4968.887424982635,482.4166390131078,400.93792977434055,328.2573517196851,1230.52013470654,420.25742969492,131.47920067168053
2024-06-02 00:00:00+00:00,15767.873355256712,9756.256625974906,50900.51861187144,54566.77673616887,34873.64419290767,21493.192756788198,46484.55767864628,31171.895462277775,20236.70578428675,6282.8784040866685,5593.890317676139,4932.5673203158385,482.4166390131078,400.93792977434055,328.2573517196851,1230.0946271882153,419.00788284995326,130.71563698547928
2024-06-09 00:00:00+00:00,16205.90040923679,10027.282670607914,52314.52059624073,56082.62633239641,35842.424147135054,22090.26756147283,45861.561108976544,30640.842167961997,19813.05033348872,6425.5319431445,5717.805020506212,5038.898301560223,482.4166390131078,400.93792977434055,328.2573517196851,1241.192795950892,421.99207102150086,131.37829371817602
2024-06-16 00:00:00+00:00,15514.538002301691,9599.507224189716,50082.72279644318,53690.0767949262,34313.344984422896,21147.871263490175,43905.05400517924,29333.668493138794,18967.802749498896,6209.011051471344,5521.307756418902,4862.134556587307,482.4166390131078,400.93792977434055,328.2573517196851,1233.5308221553983,418.26700074764034,129.8425550117589
2024-06-23 00:00:00+00:00,14707.860496014137,9100.381401168117,47478.674520720626,52439.002034515746,33389.68243488067,20495.916545917407,42534.18778009621,28208.253806556186,18094.73971502731,5886.173880891742,5234.227678898489,4609.328151474857,482.4166390131078,400.93792977434055,328.2573517196851,1201.1203157864452,406.488041615796,125.92190437425413
2024-06-30 00:00:00+00:00,14605.945579417,9037.322289902168,47149.6813843475,52439.002034515746,33389.68243488067,20495.916545917407,39571.74997206421,25953.644315472062,16449.45195467334,5845.386920727828,5197.95823797675,4577.388815753409,483.5003998871876,398.87599189075024,323.96695036412797,1199.0667529033033,405.3086968219142,125.39470616906776
2024-07-07 00:00:00+00:00,12997.132528421736,8041.880949456933,44839.80942340817,52439.002034515746,33389.68243488067,20495.916545917407,39571.74997206421,25953.644315472062,16449.45195467334,5308.299944237452,4702.879119838245,4124.775237193662,508.9679199562515,416.79035846260064,335.8195437195111,1103.5204973087234,370.73311731737954,113.94107820072598
2024-07-14 00:00:00+00:00,14146.607139110132,8753.10998042704,46696.01104903061,52439.002034515746,33389.68243488067,20495.916545917407,39571.74997206421,25953.644315472062,16449.45195467334,5445.608380566508,4807.296778965352,4200.0195256951065,508.9679199562515,416.79035846260064,335.8195437195111,1178.1209799293804,394.6261645437355,120.896074128659
2024-07-21 00:00:00+00:00,15860.878860537628,9813.803103975159,52354.58702118094,55182.95778859901,35007.42772977998,21403.721675579083,39571.74997206421,25953.644315472062,16449.45195467334,6051.251834991022,5340.0900623495,4663.633778850417,508.9679199562515,416.79035846260064,335.8195437195111,1222.2997684024542,408.3244201688464,124.72825312216347
2024-07-28 00:00:00+00:00,15880.549835535629,9825.974376272929,52419.51821329076,55251.39678195616,35050.84463256776,21430.266993631525,39739.1809557506,25967.453317784097,16392.926163602504,6057.584592434677,5345.681725730508,4668.5202277115095,508.9679199562515,416.79035846260064,335.8195437195111,1226.369855927137,407.98266297914466,124.06392643730506
2024-08-04 00:00:00+00:00,13533.04443882667,8373.472535019986,46832.48952541092,49745.88804293617,31441.35493100608,19146.165182638793,38854.9446358737,25295.63471719005,15904.65154387044,5488.247046544717,4828.116797337879,4202.196545496071,508.9679199562515,416.79035846260064,335.8195437195111,1167.8210697751065,387.00580861418393,117.19423390736394
2024-08-11 00:00:00+00:00,13661.389755826243,8452.885263748714,46832.48952541092,49745.88804293617,31441.35493100608,19146.165182638793,38854.9446358737,25295.63471719005,15904.65154387044,5488.247046544717,4828.116797337879,4202.196545496071,540.4933929920413,439.34312849577583,351.1701832464138,1197.7912794587203,393.8662846641382,118.27363433533625
2024-08-18 00:00:00+00:00,13595.019411510797,8411.819097316067,46832.48952541092,49745.88804293617,31441.35493100608,19146.165182638793,38854.9446358737,25295.63471719005,15904.65154387044,5488.247046544717,4828.116797337879,4202.196545496071,540.4933929920413,439.34312849577583,351.1701832464138,1199.2943312562084,393.74491176518575,118.03749231106967
2024-08-25 00:00:00+00:00,14942.867451753731,9245.790240865588,49394.492674212444,49847.98264782637,31389.833187734166,19038.97635646958,38376.52539507647,24708.619875541353,15350.643885518411,5494.729730500167,4823.546491110447,4188.552339326766,540.4933929920413,439.34312849577583,351.1701832464138,1255.179156922626,411.43158942948986,123.12525096950867
2024-09-01 00:00:00+00:00,13333.137631874011,8249.781656360112,48974.63186040885,46081.41567594809,28910.531261669326,17464.739545122593,36189.06225910921,23128.441084236245,14254.43350966478,5423.940924835246,4751.19199603574,4116.0931599701535,540.4933929920413,439.34312849577583,351.1701832464138,1201.6613533595466,393.2602134558092,117.48427203565241
2024-09-08 00:00:00+00:00,12767.27483547734,7899.6581785547,48974.63186040885,46081.41567594809,28910.531261669326,17464.739545122593,35100.482964510455,22184.88374726308,13509.45115803082,5423.940924835246,4751.19199603574,4116.0931599701535,540.4933929920413,439.34312849577583,351.1701832464138,1176.9807877613518,383.984989688202,114.32777272642181
2024-09-15 00:00:00+00:00,13758.979105529457,8513.2679620502,48974.63186040885,45004.934961739236,28131.167311688074,16926.526021203063,35100.482964510455,22184.88374726308,13509.45115803082,5423.940924835246,4751.19199603574,4116.0931599701535,540.4933929920413,439.34312849577583,351.1701832464138,1235.7961071050916,402.3970728287813,119.55960120293703
2024-09-22 00:00:00+00:00,14793.662152395855,9153.470550207649,48974.63186040885,47365.18750665525,29388.20568783701,17541.98127131787,35100.482964510455,22184.88374726308,13509.45115803082,5423.940924835246,4751.19199603574,4116.0931599701535,540.4933929920413,439.34312849577583,351.1701832464138,1272.699112238423,413.9379039066129,122.83580400059844
2024-09-29 00:00:00+00:00,15264.436935512651,9444.75901337849,50317.961654115774,48872.477293729426,30323.418755187115,18100.21508410682,34982.86948949938,22029.10487795921,13361.383745407835,5361.492084949555,4647.746234094554,3981.049351959981,540.4933929920413,439.34312849577583,351.1701832464138,1284.5177102527766,416.9856759171594,123.48502667666062
2024-10-06 00:00:00+00:00,14617.09106915445,9044.21848038079,49890.2589800558,46799.85605729346,29037.44011948973,17332.607378405526,32727.495254978825,20456.926456909277,12308.934576022553,5173.623854625554,4467.821724059036,3811.0103824122402,540.4933929920413,439.34312849577583,351.1701832464138,1278.2335788693533,413.82181613245905,122.18909101215165
2024-10-13 00:00:00+00:00,14628.750787124043,9051.432845827216,49890.2589800558,45338.66655889703,27923.428932343286,16534.832982531883,32753.601226592393,20473.2444774979,12318.753130547775,5173.623854625554,4467.821724059036,3811.0103824122402,540.4933929920413,439.34312849577583,351.1701832464138,1281.966906770377,414.40727538278406,122.16331019518437
2024-10-20 00:00:00+00:00,16062.53311274975,9938.575201643263,54318.36016111026,49782.36648417028,30660.23944040788,18155.4328295396,35963.82301672744,22479.853005266912,13526.129670714954,5400.097786855448,4646.222086215597,3947.465107937443,540.4933929920413,439.34312849577583,351.1701832464138,1330.0673147393757,429.6183243957549,126.53920852052828
2024-10-27 00:00:00+00:00,15827.456352272759,9793.123170773686,53523.40558878561,49053.79662785739,30211.52380430569,17889.72627474731,35437.48891053161,22150.858133574944,13328.173425428868,5321.066821746631,4578.224166533972,3889.693565730734,540.4933929920413,439.34312849577583,351.1701832464138,1325.4932501490932,427.4821236857109,125.7004100089241
2024-11-03 00:00:00+00:00,16002.966403505763,9901.718734784627,54116.92456290071,49597.752281103734,30546.538223091906,18088.104757375346,35830.45385422349,22396.48814255112,13475.96902496647,5380.071925896857,4628.991917216107,3932.826227215158,540.4933929920413,439.34312849577583,351.1701832464138,1333.8345417820938,429.5047799398967,126.08315275205723
2024-11-10 00:00:00+00:00,18700.691475025247,11570.916445286033,63239.769697093056,57958.770885156715,35695.96864334891,21137.335285632427,41870.628609904124,26172.01113327071,15747.70156411045,6226.391975887251,5354.159775400633,4546.176534026983,540.4933929920413,439.34312849577583,351.1701832464138,1358.6644610351125,436.0180286133961,127.52587606715606
2024-11-17 00:00:00+00:00,20907.91261781545,12936.618427675416,70703.88710296659,64799.57806486442,39909.12283645446,23632.150699650712,46812.57082915952,29261.0635568051,17606.384698318354,6834.060028852753,5873.427000782786,4984.057975097091,540.4933929920413,439.34312849577583,351.1701832464138,1422.4316395363287,454.7374981056821,132.4495248951652
2024-11-24 00:00:00+00:00,22779.621943964306,14094.724920777791,77033.4106333469,70600.5385343075,43481.85048157397,25747.738117201006,51003.306030878375,31880.560134652806,19182.536035947673,7262.3063191138,6241.698453335765,5296.769732852199,540.4933929920413,439.34312849577583,351.1701832464138,1440.4307006200875,459.45231528218665,133.49595855532246
2024-12-01 00:00:00+00:00,22613.28656204963,13991.806116486525,76470.9174625029,70085.01779522879,43164.3487151267,25559.729735687964,50630.88306405187,31647.770268398843,19042.466351495466,7224.248855142789,6208.970843416381,5268.97961131531,540.4933929920413,439.34312849577583,351.1701832464138,1448.4441702945774,459.9362226384596,132.98820418486756
2024-12-08 00:00:00+00:00,23526.427926987915,14556.805675489251,79558.87010300861,72915.10304779277,44907.35728640405,26591.850671946268,52675.39585710731,32925.730818752374,19811.415335018184,7433.175207411032,6388.637574865518,5421.540715392452,540.4933929920413,439.34312849577583,351.1701832464138,1452.0326650066133,460.0486840361024,132.700182259952
2024-12-15 00:00:00+00:00,24306.937964050558,15039.740567796314,82198.30592579786,75334.12602734908,46397.19854954748,27474.058817523517,54422.94866454211,34018.07103552531,20468.67654634133,7645.0245123947525,6567.445208997124,5570.297461452971,540.4933929920413,439.34312849577583,351.1701832464138,1496.7302919148913,472.6191357963335,135.82979477543856
2024-12-22 00:00:00+00:00,22148.175269960175,13704.02189707873,74898.05952649898,68643.50538643294,42276.54207330999,25034.015842211982,49589.50434287685,30996.837230386205,18650.79988120991,7056.364065461089,6061.505502864487,5140.945683904273,540.4933929920413,439.34312849577583,351.1701832464138,1448.2549296809873,456.392554453423,130.8815327912421
2024-12-29 00:00:00+00:00,21811.2347830268,13495.542428469418,73758.63434407995,67949.27000460683,41694.00737286605,24589.865764593567,48835.09854933343,30525.281930570327,18367.065012893458,6964.485723218465,5982.538244717067,5073.9322982324775,540.4933929920413,439.34312849577583,351.1701832464138,1448.937747450018,454.8384228275107,129.88905004085393
2025-01-05 00:00:00+00:00,22887.486551012098,14161.465359612395,77398.17430624533,68860.20767064206,42097.32761610229,24729.25795845108,51244.8136194017,32031.51892140736,19273.367952157143,7257.962559968381,6234.774632120756,5287.985751601571,540.4933929920413,439.34312849577583,351.1701832464138,1487.5469019813904,466.7842397841884,133.24644741646895
2025-01-12 00:00:00+00:00,21998.976951076027,13611.706525538004,74393.5184330305,67819.52024241012,41307.57987702722,24167.835884554705,49255.451058934814,30788.031044362793,18525.161179411512,7015.680043397659,6026.538549887967,5111.271943666153,540.4933929920413,439.34312849577583,351.1701832464138,1464.6089141409004,458.5022203220978,130.54829226399428
2025-01-19 00:00:00+00:00,23578.078779011277,14588.764263431758,79733.53679867485,68327.82208455828,41463.88312877299,24163.064993125972,52791.041508250426,32998.017272758836,19854.910101202753,7446.2761391754775,6396.625691455744,5425.336189176042,540.4933929920413,439.34312849577583,351.1701832464138,1515.775885480032,472.8667086150189,134.13025222781332
2025-01-26 00:00:00+00:00,23877.87383835203,14774.260269660945,80747.34800102293,69196.6097270315,41991.09602934883,24470.298146911045,53462.27912561364,33417.58676521554,20107.365104334473,7528.0255107498215,6466.887339314537,5484.96179878132,540.4933929920413,439.34312849577583,351.1701832464138,1538.691659894201,478.1712985011465,135.07124292017812
2025-02-02 00:00:00+00:00,22733.21342771933,14066.009989860004,76876.47184403881,65879.45426165186,39978.12177756811,23297.238027958643,50899.39790798222,31815.610439853343,19143.455798469007,7215.89471899819,6198.618319582753,5257.302694174709,540.4933929920413,439.34312849577583,351.1701832464138,1521.0296715561126,470.87180634730856,132.458361060012
2025-02-09 00:00:00+00:00,22445.189773928,13887.797454952604,75902.46777807128,63409.018718149135,38053.83753009659,21910.760758452463,48414.069930892045,29927.762039574187,17792.266230985806,7136.409289040073,6127.923933485118,5195.149811311012,584.6252439785409,471.7123073833063,374.0386632223966,1525.8494116156005,471.06528993633543,132.11883999753252
2025-02-16 00:00:00+00:00,22365.000418432865,13838.180876149901,75631.2929725598,63409.018718149135,38053.83753009659,21910.760758452463,47655.6862766776,29350.44786198548,17379.840940605915,7111.854402115873,6106.830843093806,5177.260003096467,584.6252439785409,471.7123073833063,374.0386632223966,1525.1436895222016,470.13167250250876,131.64014378927632
2025-02-23 00:00:00+00:00,22397.548040655704,13858.319479994378,75741.35864239396,63409.018718149135,38053.83753009659,21910.760758452463,46372.38617089615,28349.515620309507,16653.372659779332,7121.820851882167,6115.392203056481,5184.5212002442795,584.6252439785409,471.7123073833063,374.0386632223966,1529.8562569210944,470.86556591973175,131.62823515756224
2025-03-02 00:00:00+00:00,21934.97531418285,13572.105979545287,74177.08532504809,63409.018718149135,38053.83753009659,21910.760758452463,44070.40543136758,26842.445745152843,15704.716312119217,6980.17585520367,5993.716598210921,5081.323745784383,577.0046050947229,462.13101599967155,363.52133000981786,1543.0492111034998,472.89070007051197,131.58295457082644
2025-03-09 00:00:00+00:00,18785.4716554164,11623.373563507175,67268.13472780869,63409.018718149135,38053.83753009659,21910.760758452463,44070.40543136758,26842.445745152843,15704.716312119217,6206.656652553099,5325.255498497114,4510.700589699781,577.0046050947229,462.13101599967155,363.52133000981786,1393.9011294874801,424.68803119817113,117.42591973831347
2025-03-16 00:00:00+00:00,19213.644607300845,11888.302454345405,68211.59475479061,63409.018718149135,38053.83753009659,21910.760758452463,44070.40543136758,26842.445745152843,15704.716312119217,6019.4911198470545,5116.091850375589,4289.3035358964,577.0046050947229,462.13101599967155,363.52133000981786,1402.091628075528,424.7771544536431,116.73455282805746
2025-03-23 00:00:00+00:00,20029.887689436142,12393.346907650437,71684.40762163457,63409.018718149135,38053.83753009659,21910.760758452463,44070.40543136758,26842.445745152843,15704.716312119217,5908.718216708541,4990.009974428997,4154.694477108209,577.0046050947229,462.13101599967155,363.52133000981786,1425.0952648977673,430.6163997063959,118.00408767345861
2025-03-30 00:00:00+00:00,19170.705386504414,11861.734124680983,72024.19743052652,63409.018718149135,38053.83753009659,21910.760758452463,44070.40543136758,26842.445745152843,15704.716312119217,5839.76827138691,4911.309750008722,4070.7424385369145,577.0046050947229,462.13101599967155,363.52133000981786,1408.5480069282792,423.8380002147706,115.6217180211467
2025-04-06 00:00:00+00:00,18249.285179711045,11291.612092667197,72024.19743052652,63409.018718149135,38053.83753009659,21910.760758452463,44070.40543136758,26842.445745152843,15704.716312119217,5839.76827138691,4911.309750008722,4070.7424385369145,577.0046050947229,462.13101599967155,363.52133000981786,1383.5573566344412,415.82484260074,113.29048562535739
2025-04-13 00:00:00+00:00,19489.48268076753,12058.975250309888,72024.19743052652,62231.31082866391,37209.49122764118,21339.6242289051,44070.40543136758,26842.445745152843,15704.716312119217,5839.76827138691,4911.309750008722,4070.7424385369145,631.3398047253537,501.92081223190286,391.6746628530519,1447.6279125062424,433.2222196309851,117.48498742542851
2025-04-20 00:00:00+00:00,19819.71493243721,12263.304047280399,72024.19743052652,61504.631731063855,36234.72707703583,20450.739451372774,44070.40543136758,26842.445745152843,15704.716312119217,5839.76827138691,4911.309750008722,4070.7424385369145,631.3398047253537,501.92081223190286,391.6746628530519,1458.3941448418425,436.11739955714637,118.17433311037135
2025-04-27 00:00:00+00:00,21813.817558310406,13497.140501837115,76503.62383557393,67692.74029147268,39880.37811986999,22508.33076285467,44179.52642857312,26809.792331034656,15623.398139897516,5849.934722662422,4907.093571684897,4055.808573140999,631.3398047253537,501.92081223190286,391.6746628530519,1502.372236588428,447.7327628129115,120.8727875330338
2025-05-04 00:00:00+00:00,21936.748354512685,13573.203035316623,76934.75659650988,68074.2197110608,40105.1222125543,22635.175457253794,43768.33613675251,26364.444515703384,15241.445885378476,5873.130617524436,4926.601575992908,4071.9777958269915,631.3398047253537,501.92081223190286,391.6746628530519,1505.265829271535,447.59312089992846,120.54310791550952
2025-05-11 00:00:00+00:00,24226.432160412536,14989.928189013432,84964.94700773539,75179.5771666301,44291.15960422768,24997.758728512137,48336.72744269955,29116.27631336054,16832.29660118527,6362.737763557621,5333.479524455594,4404.935449792269,631.3398047253537,501.92081223190286,391.6746628530519,1516.1589569617809,449.5003863348195,120.66959865115238
2025-05-18 00:00:00+00:00,24770.038879703003,15326.280881447638,86871.43970924996,76866.50007094357,45284.99030148439,25558.672920170386,49421.33493473053,29769.604188462352,17209.98942334363,6496.339565996446,5445.510935192913,4497.499335408266,631.3398047253537,501.92081223190286,391.6746628530519,1535.4547805485727,454.87349684386885,122.01040369759566
2025-05-25 00:00:00+00:00,25363.362859790992,15693.395766357173,88952.29669193723,78707.70581062841,46369.71490827291,26170.8872819003,50605.13861332562,30482.684217465296,17622.225329452667,6642.160341121146,5567.7885306580665,4598.5289420654035,631.3398047253537,501.92081223190286,391.6746628530519,1553.772954261005,459.0599385721543,122.77425011333644
2025-06-01 00:00:00+00:00,24581.25662106658,15209.473235914757,86209.35812435791,76280.67008628577,44939.85548789117,25363.88016974102,49044.675403467096,29542.718266130785,17078.825290326873,6449.9426964816275,5406.604972468942,4465.35400170533,631.3398047253537,501.92081223190286,391.6746628530519,1538.6317436904233,453.0397104699967,120.71833018237642
2025-06-08 00:00:00+00:00,24602.44701251522,15222.58463605857,86283.67531950181,76346.42820776875,44978.59610819849,25385.745225614217,49086.95460368422,29568.185709645426,17093.54817447245,6455.1506425784255,5410.97208082839,4468.962244393664,631.3398047253537,501.92081223190286,391.6746628530519,1544.8067246928933,452.96906860417016,120.15715983902994
2025-06-15 00:00:00+00:00,24569.873795221993,15202.430195450988,86169.43721531605,76245.346848085,44919.04521946652,25352.13493494013,49021.964318866005,29529.037939604634,17070.91661027413,6447.145148188499,5404.25909631934,4463.415764829155,631.3398047253537,501.92081223190286,391.6746628530519,1545.0701003459264,452.5293779839258,119.89252927987528
2025-06-22 00:00:00+00:00,23492.521439210428,14535.826283494567,82391.03578868092,74527.80249140554,43744.587641319806,24590.072113780698,46872.42422780066,28234.23362517732,16322.382353133076,6182.365093937647,5182.228536316904,4279.9671121338,631.3398047253537,501.92081223190286,391.6746628530519,1515.2289821268384,442.7565661469724,117.00845143952027
2025-06-29 00:00:00+00:00,25212.756812036056,15600.209372845762,88424.10356874783,76605.39953948406,44798.4253226143,25082.583263320503,50304.64849437822,30301.6799626142,17517.585667741114,6605.146009391565,5536.7502682584,4572.884150559403,631.3398047253537,501.92081223190286,391.6746628530519,1577.9312776605964,460.01766116602937,121.2670360768936
2025-07-06 00:00:00+00:00,25409.81791252758,15722.139491389695,89115.22002575161,74837.00171357873,43441.61284287774,24129.09022712665,50697.82602216878,30538.51572177733,17654.501862006375,6653.577563458093,5577.362409915383,4606.439183118726,631.3398047253537,501.92081223190286,391.6746628530519,1584.5364995872826,461.0737227704458,121.29773535270029
2025-07-13 00:00:00+00:00,27709.372108295123,17144.97187682144,97180.027055161,81609.64927372824,47373.020121262765,26312.740297459775,55285.91079109164,33302.21014108696,19252.210431611955,7218.737217410308,6051.27542731703,4998.0010678258095,631.3398047253537,501.92081223190286,391.6746628530519,1641.2999112106697,477.03907385834987,125.34081958102222
2025-07-20 00:00:00+00:00,27285.536357427496,16882.726597476354,95693.58522691298,80361.36812023292,46648.414039411065,25910.267083784172,54440.271076811434,32792.827713165636,18957.733348830963,7114.571433131863,5963.9275057302875,4925.831459594171,631.3398047253537,501.92081223190286,391.6746628530519,1640.5551828376983,475.72589557398015,124.68475424443523
2025-07-27 00:00:00+00:00,27785.903695550744,17192.325238206107,97448.43233302192,81835.05012257762,47503.861499003244,26385.41447326353,55438.60708782399,33394.188804163736,19305.38385671709,7237.546326345168,6067.047752017884,5011.032660036421,631.3398047253537,501.92081223190286,391.6746628530519,1651.7165888624245,478.2459463571316,125.14237904715871
2025-08-03 00:00:00+00:00,26574.38430744083,16442.706453767816,93199.49134459985,78266.8829347555,45432.600839399565,25234.959136344136,53021.37610363033,31938.13728862761,18463.631610916927,6939.79214451252,5817.366831291365,4804.7384070718135,631.3398047253537,501.92081223190286,391.6746628530519,1631.737496368394,471.91382240461223,123.33083663657804
2025-08-10 00:00:00+00:00,27757.623469607326,17174.82705468267,97349.25025442528,81751.75919445395,47455.51252496602,26358.55965180116,55382.18220592665,33360.20051949512,19285.735022424193,7230.595917114855,6061.219506162962,5006.2171794573005,631.3398047253537,501.92081223190286,391.6746628530519,1665.4094818943734,480.38838941450103,125.18923616635271
2025-08-17 00:00:00+00:00,27318.08630647493,16902.866641026565,95807.74172662404,80457.2342378503,46704.062698108326,25941.1764220627,54505.21493668157,32831.947518516055,18980.348746471536,7122.571208903039,5970.635694907882,4931.373977104557,631.3398047253537,501.92081223190286,391.6746628530519,1654.8741208595975,476.61927940048736,124.00128313962377
2025-08-24 00:00:00+00:00,26407.967486665853,16339.737259775764,92615.84798082603,76177.4945764881,43731.18843022568,23999.557443475165,52689.34023246208,31738.131026674066,18348.006773212262,6898.892011341441,5783.070141165507,4776.401399790336,631.3398047253537,501.92081223190286,391.6746628530519,1629.4795129452489,468.7488359928427,121.79737900743824
2025-08-31 00:00:00+00:00,25187.026785832157,15584.289106809716,88333.86534058259,76177.4945764881,43731.18843022568,23999.557443475165,50253.31178679052,30270.7566080095,17499.70868817794,6598.8223607763975,5531.447590731358,4568.502911111986,631.3398047253537,501.92081223190286,391.6746628530519,1585.7941070346571,455.63956287623023,118.23907512402536
2025-09-07 00:00:00+00:00,25859.70944504027,16000.506595573966,90693.04254481135,76177.4945764881,43731.18843022568,23999.557443475165,50818.22831510652,30272.838358165893,17291.69760017368,6764.147057014238,5670.080143669593,4683.0454995554755,631.3398047253537,501.92081223190286,391.6746628530519,1613.376822118514,462.8674263901545,119.91877881896981
2025-09-14 00:00:00+00:00,26820.843893762398,16595.201525101154,94063.85410147246,75975.10206326284,43454.34846166692,23753.04189239126,50818.22831510652,30272.838358165893,17291.69760017368,7000.364326188035,5868.159461635195,4846.704880530807,631.3398047253537,501.92081223190286,391.6746628530519,1641.6208926340514,470.43366614373286,121.72857299714586
2025-09-21 00:00:00+00:00,26812.532476363194,16590.05889620978,94034.704983096,75951.5584049165,43440.88254578054,23745.68114541215,50818.22831510652,30272.838358165893,17291.69760017368,6998.321635570074,5866.446569238145,4845.289634798652,631.3398047253537,501.92081223190286,391.6746628530519,1642.5197640831423,469.97654345837964,121.41052383252571
2025-09-28 00:00:00+00:00,26098.583583231553,16148.308226205763,91530.80224291932,74190.77961359253,42276.66535432254,23016.441017499048,50818.22831510652,30272.838358165893,17291.69760017368,6822.854968976827,5719.309495957882,4723.720343370906,631.3398047253537,501.92081223190286,391.6746628530519,1626.622676312564,464.19094249162333,119.57130159777113
2025-10-05 00:00:00+00:00,28732.16740838309,17777.81900837025,100767.09046987789,80078.45291111559,45463.599705641675,24653.313816824117,52870.160143914254,31379.180935898523,17852.54481085333,7470.108826275023,6262.062373648226,5172.159892222775,631.3398047253537,501.92081223190286,391.6746628530519,1682.790996092978,479.6585229692172,123.39897302390999
2025-10-12 00:00:00+00:00,26748.89615092907,16550.684384017713,93811.524905135,73075.908943479,41334.35927908406,22324.109752368775,48820.490239578474,28655.510327487755,16108.074241955555,6982.681785147179,5853.331817231714,4834.453812982108,656.9761570293178,520.3780826306847,404.46720063911306,1615.5155932373248,458.5423994022943,117.4297534375399
2025-10-19 00:00:00+00:00,25279.269092650877,15641.36336132834,87983.63657314394,71733.76695943341,40276.04489116458,21579.19541515162,47765.74219201151,27829.713535705363,15519.21336480716,6490.179164274582,5421.461266100698,4460.761217094618,661.2132044409205,521.7947978691899,403.93874500375324,1554.9984478857948,439.85923782112286,112.22956275538094
2025-10-26 00:00:00+00:00,26655.962777210134,16493.1825368953,91830.46518769208,71733.76695943341,40276.04489116458,21579.19541515162,48182.977456216424,27763.191551710886,15297.832057046273,6649.3509952533905,5499.357847317071,4476.093808557638,661.2132044409205,521.7947978691899,403.93874500375324,1622.943075941187,458.5530904636385,116.85414528628833
2025-11-02 00:00:00+00:00,25720.87712965935,15914.60511309008,88481.3246810789,71336.65796438427,39757.78058374651,21131.77884610134,46237.26114617867,26543.40879708031,14566.950660112334,6369.272079787174,5231.081049900586,4225.50916941816,661.2132044409205,521.7947978691899,403.93874500375324,1584.0883002702385,447.05439934883884,113.78085232906182
2025-11-09 00:00:00+00:00,24367.195740194755,15077.024627258745,87729.24135766515,71336.65796438427,39757.78058374651,21131.77884610134,46237.26114617867,26543.40879708031,14566.950660112334,6145.9657064644125,5029.079601383569,4045.9760272859944,661.2132044409205,521.7947978691899,403.93874500375324,1520.072322794636,426.5493510349873,107.8955404639949
2025-11-16 00:00:00+00:00,21932.983552342517,13570.8735914347,87729.24135766515,71336.65796438427,39757.78058374651,21131.77884610134,46237.26114617867,26543.40879708031,14566.950660112334,6145.9657064644125,5029.079601383569,4045.9760272859944,661.2132044409205,521.7947978691899,403.93874500375324,1430.3775859351147,400.1360328248041,100.87533185641573
2025-11-23 00:00:00+00:00,20203.817826779443,12500.964911466184,87729.24135766515,71336.65796438427,39757.78058374651,21131.77884610134,46237.26114617867,26543.40879708031,14566.950660112334,6145.9657064644125,5029.079601383569,4045.9760272859944,661.2132044409205,521.7947978691899,403.93874500375324,1351.637273967381,376.93638733032276,94.70954034862008
2025-11-30 00:00:00+00:00,21025.186903464135,13009.18103650909,87729.24135766515,71336.65796438427,39757.78058374651,21131.77884610134,46237.26114617867,26543.40879708031,14566.950660112334,6145.9657064644125,5029.079601383569,4045.9760272859944,661.2132044409205,521.7947978691899,403.93874500375324,1400.361905228001,390.3789989170534,98.04738602638123
2025-12-07 00:00:00+00:00,21033.402921055556,13014.264637465254,87729.24135766515,71336.65796438427,39757.78058374651,21131.77884610134,46237.26114617867,26543.40879708031,14566.950660112334,6145.9657064644125,5029.079601383569,4045.9760272859944,661.2132044409205,521.7947978691899,403.93874500375324,1405.6328636582807,390.52622830230507,97.72672188615802
2025-12-14 00:00:00+00:00,20516.117241412278,12694.19789632421,87729.24135766515,71336.65796438427,39757.78058374651,21131.77884610134,46237.26114617867,26543.40879708031,14566.950660112334,6145.9657064644125,5029.079601383569,4045.9760272859944,661.2132044409205,521.7947978691899,403.93874500375324,1399.0288717887238,387.77425879526817,96.79005806943275
2025-12-21 00:00:00+00:00,20629.36146688867,12764.266934821984,87729.24135766515,71336.65796438427,39757.78058374651,21131.77884610134,46237.26114617867,26543.40879708031,14566.950660112334,6145.9657064644125,5029.079601383569,4045.9760272859944,661.2132044409205,521.7947978691899,403.93874500375324,1411.90021811505,390.1330689203294,97.05343684883898
2025-12-28 00:00:00+00:00,20465.052749183033,12662.602114227357,87729.24135766515,71336.65796438427,39757.78058374651,21131.77884610134,46237.26114617867,26543.40879708031,14566.950660112334,6145.9657064644125,5029.079601383569,4045.9760272859944,661.2132044409205,521.7947978691899,403.93874500375324,1411.0455861449068,389.1528025153808,96.60986237042945
2026-01-04 00:00:00+00:00,21297.362555042142,13177.587735644065,87729.24135766515,72495.08893524705,40254.58149287444,21310.972994969616,46237.26114617867,26543.40879708031,14566.950660112334,6145.9657064644125,5029.079601383569,4045.9760272859944,661.2132044409205,521.7947978691899,403.93874500375324,1440.6301157099888,396.2614869048469,98.09312043593201
2026-01-11 00:00:00+00:00,21177.27979212558,13103.287401986232,87729.24135766515,72086.33359971068,40027.61060137457,21190.813491131423,46237.26114617867,26543.40879708031,14566.950660112334,6145.9657064644125,5029.079601383569,4045.9760272859944,661.2132044409205,521.7947978691899,403.93874500375324,1436.0283959763979,393.9619681096856,97.24792674892245
2026-01-18 00:00:00+00:00,21796.09646231033,13486.175702946679,87729.24135766515,74192.75261867206,41197.24867344673,21810.025626580653,45357.365882704915,25942.377553230446,14180.637902181426,6145.9657064644125,5029.079601383569,4045.9760272859944,661.2132044409205,521.7947978691899,403.93874500375324,1462.837302709557,400.3941551726165,98.58957947019985
2026-01-25 00:00:00+00:00,20166.67239918682,12477.981449086063,87729.24135766515,69982.09892212028,38715.291334177105,20413.71037298017,43280.122496307275,24662.623371802947,13426.929759394026,6145.9657064644125,5029.079601383569,4045.9760272859944,647.5550415335312,509.1342009995323,392.57449169384336,1401.2178839619994,383.0648897304762,94.19978925921134
2026-02-01 00:00:00+00:00,17909.15228945414,11081.157347787184,87729.24135766515,69982.09892212028,38715.291334177105,20413.71037298017,43652.54674588628,24691.448614577774,13335.506305905943,6145.9657064644125,5029.079601383569,4045.9760272859944,659.0681526397808,514.3658222847328,393.44805405253874,1284.864828386754,350.4217654111602,85.95146021196462
2026-02-08 00:00:00+00:00,16364.645689372019,10125.505154786175,87729.24135766515,69982.09892212028,38715.291334177105,20413.71037298017,43652.54674588628,24691.448614577774,13335.506305905943,6145.9657064644125,5029.079601383569,4045.9760272859944,607.4767385254967,472.34602937348143,359.8545689976691,1231.6776377005324,334.0901681977335,81.46508617949769
2026-02-15 00:00:00+00:00,16016.133903803087,9909.866029548426,87729.24135766515,69982.09892212028,38715.291334177105,20413.71037298017,43652.54674588628,24691.448614577774,13335.506305905943,6145.9657064644125,5029.079601383569,4045.9760272859944,607.4767385254967,472.34602937348143,359.8545689976691,1217.0609957316847,328.9969740362283,79.92672119610688
2026-02-22 00:00:00+00:00,15739.432578417278,9738.65910275564,87729.24135766515,69982.09892212028,38715.291334177105,20413.71037298017,43652.54674588628,24691.448614577774,13335.506305905943,6145.9657064644125,5029.079601383569,4045.9760272859944,607.4767385254967,472.34602937348143,359.8545689976691,1200.2117357875707,324.4405511637467,78.8193325267622
2026-03-01 00:00:00+00:00,15305.030717132591,9469.876119660357,87729.24135766515,69982.09892212028,38715.291334177105,20413.71037298017,43652.54674588628,24691.448614577774,13335.506305905943,6145.9657064644125,5029.079601383569,4045.9760272859944,607.4767385254967,472.34602937348143,359.8545689976691,1182.3256744555679,318.6253171222011,77.14976316865479
2026-03-08 00:00:00+00:00,15350.340972175882,9497.911509470443,87729.24135766515,69982.09892212028,38715.291334177105,20413.71037298017,43652.54674588628,24691.448614577774,13335.506305905943,6145.9657064644125,5029.079601383569,4045.9760272859944,607.4767385254967,472.34602937348143,359.8545689976691,1211.0286659718156,324.86599729240885,78.27113649617493
2026-03-15 00:00:00+00:00,16942.829021918962,10483.251874467234,87729.24135766515,69982.09892212028,38715.291334177105,20413.71037298017,43652.54674588628,24691.448614577774,13335.506305905943,6145.9657064644125,5029.079601383569,4045.9760272859944,607.4767385254967,472.34602937348143,359.8545689976691,1284.8944881293892,343.75365416365486,82.58063300595295
2026-03-22 00:00:00+00:00,15789.598916358702,9769.699158438149,87729.24135766515,65481.20722460578,35693.13007170249,18521.452284620595,43652.54674588628,24691.448614577774,13335.506305905943,6145.9657064644125,5029.079601383569,4045.9760272859944,607.4767385254967,472.34602937348143,359.8545689976691,1242.0898796625816,331.64655561152085,79.50227009891199
2026-03-29 00:00:00+00:00,15359.5854462316,9503.631460362214,87729.24135766515,63453.077185946386,34332.61155986291,17673.50695479061,43652.54674588628,24691.448614577774,13335.506305905943,6145.9657064644125,5029.079601383569,4045.9760272859944,607.4767385254967,472.34602937348143,359.8545689976691,1225.3620970033205,325.8108283658112,77.74989707819836
2026-04-05 00:00:00+00:00,16063.042687332725,9938.8904971996,87729.24135766515,63453.077185946386,34332.61155986291,17673.50695479061,43623.34333114777,24493.008087831095,13122.92230432343,6145.9657064644125,5029.079601383569,4045.9760272859944,607.4767385254967,472.34602937348143,359.8545689976691,1263.6214657075318,334.4626380726832,79.42339437563636
2026-04-12 00:00:00+00:00,16460.18510662038,10184.619472333663,87729.24135766515,64969.91415485503,35023.84322325382,17957.824955628395,42871.389708637376,23982.148950295395,12798.249316107593,6145.9657064644125,5029.079601383569,4045.9760272859944,607.4767385254967,472.34602937348143,359.8545689976691,1280.6689814926724,338.0596217451836,80.04296687067774
2026-04-19 00:00:00+00:00,17172.3819008434,10625.286043917962,87729.24135766515,67781.0225526228,36539.249563060934,18734.82140383192,44726.34250027374,25019.804935956807,13352.00202760855,6145.9657064644125,5029.079601383569,4045.9760272859944,607.4767385254967,472.34602937348143,359.8545689976691,1305.6422364011146,343.60243055240284,81.08721888030138
2026-04-26 00:00:00+00:00,18302.232073025396,11324.372596705032,87729.24135766515,72240.64850573486,38943.33524253197,19967.47167396589,47669.09476765275,26665.973247264992,14230.491795479771,6145.9657064644125,5029.079601383569,4045.9760272859944,607.4767385254967,472.34602937348143,359.8545689976691,1322.3174980822143,347.32927404247107,81.79810392985739
2026-05-03 00:00:00+00:00,18281.527987913953,11311.562095060182,87729.24135766515,72158.92751513649,38899.28126462545,19944.883815209163,47615.16992442505,26635.807823862644,14214.393796496051,6145.9657064644125,5029.079601383569,4045.9760272859944,607.4767385254967,472.34602937348143,359.8545689976691,1325.2823301824194,347.58248462254573,81.72403400555093
2026-05-10 00:00:00+00:00,19128.841158663894,11835.830939066911,87729.24135766515,75503.35308564604,40702.18709230099,20869.290284781975,49822.04019430263,27870.32557301598,14873.203228943908,6145.9657064644125,5029.079601383569,4045.9760272859944,607.4767385254967,472.34602937348143,359.8545689976691,1341.4929997816805,350.5227214474593,82.08235424300562
2026-05-17 00:00:00+00:00,18023.04104533916,11151.625184774015,87729.24135766515,71138.6549993383,38349.274925489175,19662.878282585676,46941.92752903663,26259.197699591215,14013.413047215161,6145.9657064644125,5029.079601383569,4045.9760272859944,607.4767385254967,472.34602937348143,359.8545689976691,1304.907890619873,340.0401186598425,79.39453741325279
2026-05-24 00:00:00+00:00,17931.66431726413,11095.086500789432,87729.24135766515,69548.4910384203,37215.63328415679,18929.573981048296,46703.9321909387,26126.06369841863,13942.36511306259,6145.9657064644125,5029.079601383569,4045.9760272859944,607.4767385254967,472.34602937348143,359.8545689976691,1302.4639707964761,339.13589731846946,79.11592446383068
2026-05-31 00:00:00+00:00,17142.738155696195,10606.94419283285,87729.24135766515,68469.41808490054,36502.54774788643,18492.26286982416,44649.13385757642,24976.614612946476,13328.95319561792,6145.9657064644125,5029.079601383569,4045.9760272859944,607.4767385254967,472.34602937348143,359.8545689976691,1263.9849485180016,328.9884245629876,76.71644574193708
2026-06-07 00:00:00+00:00,14736.247755888215,9117.945811155438,87729.24135766515,68469.41808490054,36502.54774788643,18492.26286982416,40426.92488745354,22530.979936758988,11975.509654182759,6145.9657064644125,5029.079601383569,4045.9760272859944,553.4266034494281,428.7340771322225,325.33350698889217,1124.115130022245,290.6746357882801,67.30541139080474
2026-06-14 00:00:00+00:00,15298.045589743902,9465.554123038894,87729.24135766515,68469.41808490054,36502.54774788643,18492.26286982416,40426.92488745354,22530.979936758988,11975.509654182759,6145.9657064644125,5029.079601383569,4045.9760272859944,552.9838621666685,426.80477378512757,322.5681721794866,1147.7612866452,296.0012222190112,68.34184310544421
2026-06-21 00:00:00+00:00,14731.589453079367,9115.063520270633,87729.24135766515,68469.41808490054,36502.54774788643,18492.26286982416,40426.92488745354,22530.979936758988,11975.509654182759,6145.9657064644125,5029.079601383569,4045.9760272859944,552.9838621666685,426.80477378512757,322.5681721794866,1131.1226269768313,290.81501967096085,66.92153700608742
2026-06-28 00:00:00+00:00,13862.525126157056,8577.33630703756,87729.24135766515,68469.41808490054,36502.54774788643,18492.26286982416,40426.92488745354,22530.979936758988,11975.509654182759,6145.9657064644125,5029.079601383569,4045.9760272859944,552.9838621666685,426.80477378512757,322.5681721794866,1096.0382097994388,280.71063405181286,64.32776096810915
2026-07-05 00:00:00+00:00,14810.238450702658,9163.72701387567,87729.24135766515,68469.41808490054,36502.54774788643,18492.26286982416,40426.92488745354,22530.979936758988,11975.509654182759,6145.9657064644125,5029.079601383569,4045.9760272859944,552.9838621666685,426.80477378512757,322.5681721794866,1143.4359631094114,292.40357086288054,66.89659042051409
2026-07-12 00:00:00+00:00,14840.487170240625,9182.443188452324,87729.24135766515,68469.41808490054,36502.54774788643,18492.26286982416,40426.92488745354,22530.979936758988,11975.509654182759,6145.9657064644125,5029.079601383569,4045.9760272859944,552.9838621666685,426.80477378512757,322.5681721794866,1146.8004042282707,292.4891569543819,66.72482901656431
2026-07-19 00:00:00+00:00,15059.799694189178,9318.14121295599,87729.24135766515,67859.86685639928,35778.57952387311,17909.749279687818,40426.92488745354,22530.979936758988,11975.509654182759,6145.9657064644125,5029.079601383569,4045.9760272859944,552.9838621666685,426.80477378512757,322.5681721794866,1155.5747272596473,294.2807715636178,67.0235760596265
2026-07-26 00:00:00+00:00,15217.430425350663,9415.674078086393,87729.24135766515,68570.1552165574,36153.07345903769,18097.21039678125,40426.92488745354,22530.979936758988,11975.509654182759,6145.9657064644125,5029.079601383569,4045.9760272859944,552.9838621666685,426.80477378512757,322.5681721794866,1161.2406632624134,295.49359400421775,67.24315905080914
2026-08-02 00:00:00+00:00,14791.623854063913,9152.209367982352,87729.24135766515,65883.52547891767,34607.94091358718,17254.152280505055,39640.07591305439,22011.072607291517,11652.769859434173,6145.9657064644125,5029.079601383569,4045.9760272859944,552.9838621666685,426.80477378512757,322.5681721794866,1149.7547809651562,291.79194962449185,66.20965289216768
2026-08-09 00:00:00+00:00,15101.461488291267,9343.919144170983,87729.24135766515,67209.7980849489,35174.5764257356,17467.098967432023,40470.4098549305,22472.134809165727,11896.858451806736,6145.9657064644125,5029.079601383569,4045.9760272859944,552.9838621666685,426.80477378512757,322.5681721794866,1160.7871269936866,294.0434337496656,66.58607874990649
2026-08-16 00:00:00+00:00,14635.726607214408,9055.74908362576,87729.24135766515,65233.459183447354,34013.82973873646,16822.823645986413,40088.94951753565,22014.378984035622,11515.19637150818,6145.9657064644125,5029.079601383569,4045.9760272859944,552.9838621666685,426.80477378512757,322.5681721794866,1146.665404498663,289.7009187271966,65.41582842996888
2026-08-23 00:00:00+00:00,18087.33818895397,11191.408573395305,104473.13089435341,78516.01741749802,40788.782561076194,20093.617937047307,48251.69012908522,26399.253612254695,13754.049928138069,6890.074877864386,5614.973520584073,4497.493715546965,552.9838621666685,426.80477378512757,322.5681721794866,1206.6979036234243,304.2751109882731,68.56193617500126
2026-08-30 00:00:00+00:00,18075.238701138795,11183.922103564648,104403.24380753802,78463.49428854916,40761.496988570274,20080.176352506103,48219.41225985538,26381.593885650673,13744.849184624769,6885.958528841597,5611.617628984739,4494.804554833398,552.9838621666685,426.80477378512757,322.5681721794866,1206.6979036234243,304.2751109882731,68.56193617500126
2026-09-06 00:00:00+00:00,18694.13448335926,11566.859354520133,107978.00861761763,81150.08263608797,42157.16976392504,20767.721156549334,49870.44389280936,27284.899089750335,14215.472523451534,7096.512156173961,5783.273420382018,4632.356676771238,552.9838621666685,426.80477378512757,322.5681721794866,1229.4297950219607,309.31669635560513,69.52935277479187
2026-09-13 00:00:00+00:00,17879.787763256536,11062.988261390477,103274.31199880633,77615.05384459249,40320.73529531535,19863.045648683576,47698.00673342509,26096.32477507155,13596.223558783608,6819.46445161752,5557.40771774387,4451.364783529753,552.9838621666685,426.80477378512757,322.5681721794866,1205.7993930267494,302.79429186665845,67.92323840397763
2026-09-20 00:00:00+00:00,18888.69657425202,11687.243229102885,109101.80641343327,81994.66465018722,42595.927017045884,20983.864420892107,50389.478237307725,27568.87088964432,14363.422248519215,7162.70384006598,5837.236802663088,4675.598898191691,552.9838621666685,426.80477378512757,322.5681721794866,1240.3171808438335,310.85621487117527,69.58481861639699
2026-09-27 00:00:00+00:00,19655.1525908524,12161.482298760488,113528.88456669956,85321.80285706243,44324.36309078691,21835.33710317571,52434.157107367246,28687.546647983872,14946.253962611974,7452.735626716969,6071.308120312694,4861.1350109639225,552.9838621666685,426.80477378512757,322.5681721794866,1263.8329850138177,316.37916399269477,70.73135104783884
2026-10-04 00:00:00+00:00,19457.7447934985,12039.33766406179,112388.64986565795,84464.86780705853,43879.188480901714,21616.032481545648,51907.53125631732,28399.421416236673,14796.140293444912,7377.883594023217,6010.3305442014,4812.311886812703,552.9838621666685,426.80477378512757,322.5681721794866,1260.0095719440817,315.42167124312334,70.51720063062481
